clip_id,fake_label,method,type,score,pred
fav_id02310_00139,0,real,RealVideo-RealAudio,0.0004085265682078898,0
fav_id06443_00232,0,real,RealVideo-RealAudio,2.881130667375942e-09,0
fav_id00909_00037,0,real,RealVideo-RealAudio,7.201254037525473e-10,0
fav_id02619_00015_id01026_rM4ZERt7oM0,1,fsgan,FakeVideo-RealAudio,0.04777233675122261,0
fav_id01661_00059_id02586_wavtolip,1,faceswap-wav2lip,FakeVideo-FakeAudio,2.9005603474629993e-10,0
fav_id00781_00092_id00366_RSOgEoek8WM,1,fsgan,FakeVideo-RealAudio,3.514819724159679e-08,0
fav_id01610_00090,0,real,RealVideo-RealAudio,1.3568572931887957e-09,0
fav_id04216_00470,0,real,RealVideo-RealAudio,8.21215095925254e-09,0
fav_id00345_00243_id00060_wavtolip,1,wav2lip,FakeVideo-FakeAudio,0.01382917258888483,0
fav_id01058_00005,0,real,RealVideo-RealAudio,2.772711695797625e-06,0
fav_id06535_00183_id06594_wavtolip,1,wav2lip,FakeVideo-RealAudio,2.3561815964967536e-07,0
fav_id00919_00063,0,real,RealVideo-RealAudio,0.007624171674251556,0
fav_id01126_00040_id00535_BhvTIJ-YG5s_faceswap_id00063_wavtolip,1,faceswap-wav2lip,FakeVideo-FakeAudio,8.85723638930358e-05,0
fav_id00358_00217,0,real,RealVideo-RealAudio,0.0019656920339912176,0
fav_id00137_00025,0,real,RealVideo-RealAudio,4.6371489981211766e-11,0
fav_id04537_00083_3_id07108_wavtolip,1,faceswap-wav2lip,FakeVideo-FakeAudio,3.2617234069221013e-07,0
fav_id03651_00092,0,real,RealVideo-RealAudio,0.015668950974941254,0
fav_id01179_00160_id01236_wavtolip,1,wav2lip,FakeVideo-RealAudio,4.276376822098804e-11,0
fav_id02619_00015_id00043_DxY87QyzDN8,1,fsgan,FakeVideo-RealAudio,0.05286634340882301,0
fav_id01835_00130,0,real,RealVideo-RealAudio,2.3507568869263196e-07,0
fav_id01544_00044_id01835_wavtolip,1,wav2lip,FakeVideo-RealAudio,4.6132594272441096e-11,0
fav_id00732_00118,0,real,RealVideo-RealAudio,0.01686147414147854,0
fav_id07049_00043,0,real,RealVideo-RealAudio,2.615700100960794e-09,0
fav_id01451_00099,0,real,RealVideo-RealAudio,1.346855810879788e-06,0
fav_id00816_00118,0,real,RealVideo-RealAudio,0.1899939328432083,0
fav_id01168_00028,0,real,RealVideo-RealAudio,0.02609189786016941,0
fav_id00835_00195_id00428_wavtolip,1,wav2lip,FakeVideo-FakeAudio,2.6702725790528348e-06,0
fav_id00963_00028,0,real,RealVideo-RealAudio,5.186475249274736e-09,0
fav_id00460_00005,0,real,RealVideo-RealAudio,5.314180725690676e-06,0
fav_id00078_00114,0,real,RealVideo-RealAudio,3.073625265415103e-08,0
fav_id00461_00043_id05920_wavtolip,1,wav2lip,FakeVideo-RealAudio,2.8562487444649953e-11,0
fav_id04437_00002,0,real,RealVideo-RealAudio,0.001169665134511888,0
fav_id06439_00118_id01026_wavtolip,1,wav2lip,FakeVideo-FakeAudio,0.00594359589740634,0
fav_id04537_00083_0_id08457_wavtolip,1,faceswap-wav2lip,FakeVideo-FakeAudio,3.7734572411185496e-11,0
fav_id00430_00209_id09116_EahYpHnFjzw_faceswap_id06225_wavtolip,1,faceswap-wav2lip,FakeVideo-FakeAudio,0.015273229219019413,0
fav_id00071_00014_id03371_truKMXt8Dak_faceswap_id00806_wavtolip,1,faceswap-wav2lip,FakeVideo-FakeAudio,9.42128527969821e-11,0
fav_id00529_00409_id00169_wavtolip,1,wav2lip,FakeVideo-FakeAudio,0.03527672588825226,0
fav_id06438_00110,0,real,RealVideo-RealAudio,2.898927105310367e-11,0
fav_id00520_00187_3_id00981_wavtolip,1,faceswap-wav2lip,FakeVideo-FakeAudio,1.5886945448073675e-07,0
fav_id06388_00005_id00137_wavtolip,1,wav2lip,FakeVideo-RealAudio,4.3693038770387105e-11,0
fav_id01004_00028_id00462_EMnGfAq9gg4,1,fsgan,FakeVideo-RealAudio,0.0026668861974030733,0
fav_id00634_00078,0,real,RealVideo-RealAudio,2.7521439349698085e-08,0
fav_id00271_00028,0,real,RealVideo-RealAudio,6.5404187807871494e-06,0
fav_id00042_00028,0,real,RealVideo-RealAudio,0.0033513710368424654,0
fav_id03747_00273_id02071_cHuDh9F87vA_id02071_wavtolip,1,fsgan-wav2lip,FakeVideo-FakeAudio,1.1251546916390964e-10,0
fav_id00171_00092,0,real,RealVideo-RealAudio,2.2115428932600878e-10,0
fav_id03844_00028,0,real,RealVideo-RealAudio,2.8800071702472785e-11,0
fav_id06334_00015,0,real,RealVideo-RealAudio,3.1868427896597495e-08,0
fav_id01096_00037,0,real,RealVideo-RealAudio,1.533361354555396e-10,0
fav_id00826_00065,0,real,RealVideo-RealAudio,3.71884567584857e-08,0
fav_id07078_00405,0,real,RealVideo-RealAudio,8.227004494321122e-11,0
fav_id00025_00025,0,real,RealVideo-RealAudio,3.403656523293108e-10,0
fav_id05478_00135,0,real,RealVideo-RealAudio,2.6788384843712265e-09,0
fav_id00415_00017,0,real,RealVideo-RealAudio,4.3277939565378176e-10,0
fav_id07165_00368_id07233_wavtolip,1,wav2lip,FakeVideo-FakeAudio,0.05474168062210083,0
fav_id04221_00053_id01163_QSMeUEH3lJM,1,fsgan,FakeVideo-RealAudio,3.3061272830536836e-08,0
fav_id03379_00032,0,real,RealVideo-RealAudio,1.308343371420051e-07,0
fav_id01995_00071_id00701_lW6uzLIOwd0,1,fsgan,FakeVideo-RealAudio,7.309895266871536e-08,0
fav_id03525_00048_id04221_5XfsCrxGvj4_faceswap_id01172_wavtolip,1,faceswap-wav2lip,FakeVideo-FakeAudio,3.843948888970772e-06,0
fav_id00169_00021,0,real,RealVideo-RealAudio,0.02191673405468464,0
fav_id00935_00005_id02807_wavtolip,1,wav2lip,FakeVideo-RealAudio,3.556754543665441e-11,0
fav_id03945_00063_id03945_wavtolip,1,wav2lip,FakeVideo-FakeAudio,1.862545650510583e-05,0
fav_id07210_00005_id07194_NDJaiff98Fo_faceswap_id00745_wavtolip,1,faceswap-wav2lip,FakeVideo-FakeAudio,0.03630157560110092,0
fav_id00062_00278_id04221_5XfsCrxGvj4_faceswap_id00088_wavtolip,1,faceswap-wav2lip,FakeVideo-FakeAudio,5.3269171296221884e-09,0
fav_id07039_00105,0,real,RealVideo-RealAudio,4.4956618289182515e-11,0
fav_id00186_00120_id00183_wavtolip,1,wav2lip,FakeVideo-RealAudio,4.781743445647635e-09,0
fav_id06225_00005,0,real,RealVideo-RealAudio,1.024621359979605e-10,0
fav_id00328_00092_id00374_wavtolip,1,wav2lip,FakeVideo-FakeAudio,0.024307243525981903,0
fav_id00597_00019,0,real,RealVideo-RealAudio,0.037018682807683945,0
fav_id04774_00032_id06269_Jm9bEizIGBE_faceswap_id02553_wavtolip,1,faceswap-wav2lip,FakeVideo-FakeAudio,4.958330919180298e-07,0
fav_id00264_00257_id00345_wavtolip,1,wav2lip,FakeVideo-FakeAudio,8.598737000209411e-11,0
fav_id00830_00143_id02316_yrrNcmZ-xmI_id04727_wavtolip,1,fsgan-wav2lip,FakeVideo-FakeAudio,3.9232399551281105e-09,0
fav_id06470_00052,0,real,RealVideo-RealAudio,2.6782271334013785e-07,0
fav_id09174_00015,0,real,RealVideo-RealAudio,0.0011881006648764014,0
fav_id03620_00081,0,real,RealVideo-RealAudio,3.589633312817142e-10,0
fav_id04727_00007,0,real,RealVideo-RealAudio,4.422351373989386e-11,0
fav_id00062_00278,0,real,RealVideo-RealAudio,1.2763523571379665e-09,0
fav_id04583_00077_id03897_wavtolip,1,wav2lip,FakeVideo-FakeAudio,9.381291192767094e-07,0
fav_id00535_00005_id02567_wavtolip,1,wav2lip,FakeVideo-RealAudio,1.5278734943890981e-09,0
fav_id06752_00221_id06268_wavtolip,1,wav2lip,FakeVideo-FakeAudio,0.006879862863570452,0
fav_id06467_00010,0,real,RealVideo-RealAudio,0.003165732603520155,0
fav_id07195_00186,0,real,RealVideo-RealAudio,9.575474441136933e-11,0
fav_id05251_00033,0,real,RealVideo-RealAudio,1.0727300159274478e-09,0
fav_id06254_00043,0,real,RealVideo-RealAudio,6.839576127681823e-11,0
fav_id03599_00072,0,real,RealVideo-RealAudio,3.8267881918852e-11,0
fav_id00270_00088_id00491_wavtolip,1,wav2lip,FakeVideo-RealAudio,2.8645471411570256e-11,0
fav_id09125_00098,0,real,RealVideo-RealAudio,0.0007236386300064623,0
fav_id00835_00195,0,real,RealVideo-RealAudio,0.01722286269068718,0
fav_id01217_00005,0,real,RealVideo-RealAudio,0.006449250970035791,0
fav_id05478_00135_id05845_XfMHm6CEwPw_faceswap,1,faceswap,FakeVideo-RealAudio,4.088154259562771e-09,0
fav_id00052_00015_id00021_6uNNej-JZ-c_id01175_wavtolip,1,fsgan-wav2lip,FakeVideo-FakeAudio,3.2192193089031207e-07,0
fav_id01236_00005,0,real,RealVideo-RealAudio,4.5033001633276726e-11,0
fav_id03371_00430,0,real,RealVideo-RealAudio,4.27019877791146e-11,0
fav_id01227_00052_id00261_gYQ5Scz5FnA,1,fsgan,FakeVideo-RealAudio,3.821001293147219e-09,0
fav_id07210_00005_id00032_wavtolip,1,wav2lip,FakeVideo-RealAudio,1.361948887002029e-10,0
fav_id00265_00130_id00055_XzCF6sJ8Axc,1,fsgan,FakeVideo-RealAudio,5.199046526627171e-08,0
fav_id01528_00017,0,real,RealVideo-RealAudio,9.709096957521979e-06,0
fav_id00398_00016_id01091_wavtolip,1,wav2lip,FakeVideo-FakeAudio,0.0009736976935528219,0
fav_id07102_00052,0,real,RealVideo-RealAudio,8.291783232250438e-11,0
fav_id02721_00424,0,real,RealVideo-RealAudio,3.044941382368549e-11,0
fav_id01227_00052_id00261_gYQ5Scz5FnA_faceswap,1,faceswap,FakeVideo-RealAudio,4.5704888762543305e-09,0
fav_id00188_00020,0,real,RealVideo-RealAudio,2.247411146072409e-10,0
fav_id07161_00159_id07195_wXqfHGtaBn4_faceswap_id07179_wavtolip,1,faceswap-wav2lip,FakeVideo-FakeAudio,0.003356708912178874,0
fav_id00272_00195_id01217_wavtolip,1,wav2lip,FakeVideo-RealAudio,0.006633259356021881,0
fav_id01098_00044,0,real,RealVideo-RealAudio,5.264593028186937e-07,0
fav_id00262_00028_id00270_hoEQ70-sDME_id03651_wavtolip,1,fsgan-wav2lip,FakeVideo-FakeAudio,4.234090374666266e-05,0
fav_id01102_00197,0,real,RealVideo-RealAudio,1.5823885257670867e-10,0
fav_id00592_00017,0,real,RealVideo-RealAudio,3.118189439987873e-08,0
fav_id04219_00130_id00018_sap-FjURHlc_faceswap_id00777_wavtolip,1,faceswap-wav2lip,FakeVideo-FakeAudio,0.004727168940007687,0
fav_id00305_00113,0,real,RealVideo-RealAudio,0.0003262422396801412,0
fav_id04222_00078_id06269_wavtolip,1,wav2lip,FakeVideo-RealAudio,7.040433513960664e-11,0
fav_id00832_00078_id03658_8Wtu9VXKqjY,1,fsgan,FakeVideo-RealAudio,0.11583423614501953,0
fav_id00179_00143,0,real,RealVideo-RealAudio,7.432908177840147e-10,0
fav_id06428_00043_id05845_wavtolip,1,wav2lip,FakeVideo-FakeAudio,1.1139155375872178e-08,0
fav_id00566_00032_id04414_wavtolip,1,wav2lip,FakeVideo-FakeAudio,1.7832702724263072e-05,0
fav_id02948_00298,0,real,RealVideo-RealAudio,0.0022702221758663654,0
fav_id01052_00076_id00709_Rh23ELMGsIQ,1,fsgan,FakeVideo-RealAudio,0.0013173066545277834,0
fav_id06753_00021_id07058_JXJTxhrICl0,1,fsgan,FakeVideo-RealAudio,7.406971036516552e-09,0
fav_id04111_00015,0,real,RealVideo-RealAudio,5.234127353759277e-09,0
fav_id04774_00032,0,real,RealVideo-RealAudio,0.00022548899869434536,0
fav_id00999_00028,0,real,RealVideo-RealAudio,0.01014874130487442,0
fav_id01179_00160,0,real,RealVideo-RealAudio,1.2808902549732437e-10,0
fav_id00287_00005,0,real,RealVideo-RealAudio,2.578878444126076e-09,0
fav_id03599_00072_id00032_wavtolip,1,wav2lip,FakeVideo-RealAudio,1.0298369795824769e-10,0
fav_id02553_00043,0,real,RealVideo-RealAudio,2.2643948938139147e-09,0
fav_id04564_00417_id04490_wavtolip,1,wav2lip,FakeVideo-RealAudio,5.2834011512459256e-06,0
fav_id00403_00052,0,real,RealVideo-RealAudio,5.74044006773633e-11,0
fav_id04736_00083_id05252_wavtolip,1,wav2lip,FakeVideo-FakeAudio,1.1650194409185133e-07,0
fav_id00183_00015,0,real,RealVideo-RealAudio,0.020630359649658203,0
fav_id00282_00268_id00305_LdcY3ILdQrE_faceswap_id00368_wavtolip,1,faceswap-wav2lip,FakeVideo-FakeAudio,7.54703535221779e-07,0
fav_id04111_00015_id04789_wavtolip,1,wav2lip,FakeVideo-RealAudio,0.0004448616527952254,0
fav_id00261_00048_id00383_wavtolip,1,wav2lip,FakeVideo-FakeAudio,1.4148712352834991e-06,0
fav_id00708_00043_id04216_uDwxIsHkBIM_id01239_wavtolip,1,fsgan-wav2lip,FakeVideo-FakeAudio,0.00018542363250162452,0
fav_id04526_00317,0,real,RealVideo-RealAudio,9.830367986296551e-08,0
fav_id03525_00048_id04221_5XfsCrxGvj4_id00708_wavtolip,1,fsgan-wav2lip,FakeVideo-FakeAudio,0.011929075233638287,0
fav_id01683_00052,0,real,RealVideo-RealAudio,0.07622633874416351,0
fav_id02332_00055,0,real,RealVideo-RealAudio,8.124623127514496e-05,0
fav_id01530_00002,0,real,RealVideo-RealAudio,3.575015853130026e-06,0
fav_id00243_00037_id04073_KT7B07WFWyM_id01172_wavtolip,1,fsgan-wav2lip,FakeVideo-FakeAudio,4.4539856389747e-06,0
fav_id01001_00086,0,real,RealVideo-RealAudio,4.901237957710691e-07,0
fav_id00076_00109_12_id00761_wavtolip,1,faceswap-wav2lip,FakeVideo-FakeAudio,0.05609684810042381,0
fav_id01201_00028,0,real,RealVideo-RealAudio,1.1662171228721263e-10,0
fav_id06428_00043,0,real,RealVideo-RealAudio,3.0631452235807544e-11,0
fav_id02268_00036,0,real,RealVideo-RealAudio,0.00010590667807264253,0
fav_id07236_00143_id03815_wavtolip,1,wav2lip,FakeVideo-RealAudio,5.456942120396491e-10,0
fav_id00305_00113_1_id03205_wavtolip,1,faceswap-wav2lip,FakeVideo-FakeAudio,0.0013063380029052496,0
fav_id00773_00038,0,real,RealVideo-RealAudio,1.1918034914515374e-07,0
fav_id00345_00243_id01182_zca-PHR_U40_id00052_wavtolip,1,fsgan-wav2lip,FakeVideo-FakeAudio,0.0014791855355724692,0
fav_id04820_00015,0,real,RealVideo-RealAudio,2.622272676777726e-10,0
fav_id07179_00206,0,real,RealVideo-RealAudio,0.001854411093518138,0
fav_id00021_00010,0,real,RealVideo-RealAudio,2.5465542421443388e-06,0
fav_id01215_00001,0,real,RealVideo-RealAudio,4.01558918383671e-06,0
fav_id01239_00280,0,real,RealVideo-RealAudio,4.3867760268767597e-07,0
fav_id01972_00078,0,real,RealVideo-RealAudio,0.04911459609866142,0
fav_id07163_00141,0,real,RealVideo-RealAudio,1.5745923519716598e-05,0
fav_id00832_00078_id00371_t20i0HtPwW0_faceswap_id04540_wavtolip,1,faceswap-wav2lip,FakeVideo-FakeAudio,0.0003370459598954767,0
fav_id01175_00025,0,real,RealVideo-RealAudio,3.8074740587035194e-05,0
fav_id03945_00063,0,real,RealVideo-RealAudio,0.0008725209045223892,0
fav_id02051_00015_id01170_wavtolip,1,wav2lip,FakeVideo-RealAudio,5.906063194061062e-08,0
fav_id01048_00160,0,real,RealVideo-RealAudio,0.001576184993609786,0
fav_id07051_00083_id03559_pgetxl1qbzM,1,fsgan,FakeVideo-RealAudio,4.0640799753299817e-11,0
fav_id01051_00322_id01102_aGFUkdgmo3A_faceswap_id00919_wavtolip,1,faceswap-wav2lip,FakeVideo-FakeAudio,0.007209419272840023,0
fav_id00241_00015,0,real,RealVideo-RealAudio,4.191832644884208e-11,0
fav_id04066_00013_id02807_eFC0STvhou4_id00363_wavtolip,1,fsgan-wav2lip,FakeVideo-FakeAudio,0.06372789293527603,0
fav_id00076_00109_10_id01076_wavtolip,1,faceswap-wav2lip,FakeVideo-FakeAudio,0.011733581312000751,0
fav_id06065_00160_id03379_A32nCObAHiI,1,fsgan,FakeVideo-RealAudio,7.357273817953924e-11,0
fav_id08314_00028,0,real,RealVideo-RealAudio,4.006341786100265e-11,0
fav_id00087_00002,0,real,RealVideo-RealAudio,2.993256930494681e-05,0
fav_id00431_00039,0,real,RealVideo-RealAudio,2.975772753210926e-11,0
fav_id01179_00160_id01920_wavtolip,1,wav2lip,FakeVideo-RealAudio,0.0205884650349617,0
fav_id03205_00150,0,real,RealVideo-RealAudio,1.8658539990834555e-10,0
fav_id05434_00052,0,real,RealVideo-RealAudio,4.4035965629518614e-07,0
fav_id06467_00010_id06878_wavtolip,1,wav2lip,FakeVideo-RealAudio,2.1683581508114003e-05,0
fav_id01036_00010_id00701_lW6uzLIOwd0_faceswap_id01597_wavtolip,1,faceswap-wav2lip,FakeVideo-FakeAudio,3.4797182912882363e-09,0
fav_id05383_00015,0,real,RealVideo-RealAudio,9.458719887334155e-07,0
fav_id01123_00072,0,real,RealVideo-RealAudio,8.32863999988831e-10,0
fav_id03605_00048_id03707_wavtolip,1,wav2lip,FakeVideo-FakeAudio,8.882009794319856e-09,0
fav_id00180_00206_id02466_wavtolip,1,wav2lip,FakeVideo-RealAudio,0.021137142553925514,0
fav_id01175_00025_id01182_zca-PHR_U40_id01175_wavtolip,1,fsgan-wav2lip,FakeVideo-FakeAudio,5.5403024390443534e-08,0
fav_id01192_00217_id01163_QSMeUEH3lJM_id04219_wavtolip,1,fsgan-wav2lip,FakeVideo-FakeAudio,3.8874667374066973e-11,0
fav_id00761_00072_id01835_UZbWA0QfXXA_id01610_wavtolip,1,fsgan-wav2lip,FakeVideo-FakeAudio,4.008176429648458e-11,0
fav_id00535_00005,0,real,RealVideo-RealAudio,0.00013015115109737962,0
fav_id03945_00063_id08313_wavtolip,1,wav2lip,FakeVideo-RealAudio,1.3713833402206888e-09,0
fav_id04726_00245_3_id04691_wavtolip,1,faceswap-wav2lip,FakeVideo-FakeAudio,0.00011200509470654652,0
fav_id01102_00197_id00519_wavtolip,1,wav2lip,FakeVideo-RealAudio,4.2415830847630787e-08,0
fav_id04547_00052_id04374_SWltOOZmlWM_id04939_wavtolip,1,fsgan-wav2lip,FakeVideo-FakeAudio,0.0015161234186962247,0
fav_id00971_00253,0,real,RealVideo-RealAudio,2.706692839637981e-06,0
fav_id00098_00004,0,real,RealVideo-RealAudio,0.003666769713163376,0
fav_id01035_00012_id00021_6uNNej-JZ-c_id00169_wavtolip,1,fsgan-wav2lip,FakeVideo-FakeAudio,0.03968771547079086,0
fav_id04554_00118_id00857_yJ7bbvwL4kU,1,fsgan,FakeVideo-RealAudio,0.00020849687280133367,0
fav_id00946_00126_id00990_G-qzOIgxEoE_faceswap_id00253_wavtolip,1,faceswap-wav2lip,FakeVideo-FakeAudio,0.059674326330423355,0
fav_id07233_00010_id04537_G1e1UFopjfI_id04928_wavtolip,1,fsgan-wav2lip,FakeVideo-FakeAudio,0.0005854740738868713,0
fav_id00518_00031_3_id02268_wavtolip,1,faceswap-wav2lip,FakeVideo-FakeAudio,2.2670930022172797e-08,0
fav_id04070_00072,0,real,RealVideo-RealAudio,0.001038237358443439,0
fav_id00680_00110_id01225_WuzuZoM84Ws,1,fsgan,FakeVideo-RealAudio,0.020214896649122238,0
fav_id00082_00052,0,real,RealVideo-RealAudio,1.4101282204137533e-06,0
fav_id06470_00052_id00056_GUh0mNVw0U8,1,fsgan,FakeVideo-RealAudio,3.518583184813906e-07,0
fav_id06254_00043_id04582_Pm9dX-TxNx0,1,fsgan,FakeVideo-RealAudio,8.549087826548174e-11,0
fav_id00806_00005_id00495_wavtolip,1,wav2lip,FakeVideo-RealAudio,0.03954052925109863,0
fav_id00414_00052,0,real,RealVideo-RealAudio,0.10680728405714035,0
fav_id00696_00005_id03757_wavtolip,1,wav2lip,FakeVideo-RealAudio,0.01320002693682909,0
fav_id05434_00052_id05931_bFqu86NV3hk,1,fsgan,FakeVideo-RealAudio,4.440514089765202e-07,0
fav_id03897_00021_id00149_s2evR-nUhVY_id05435_wavtolip,1,fsgan-wav2lip,FakeVideo-FakeAudio,4.832388378339658e-10,0
fav_id01532_00065_id00371_t20i0HtPwW0_id04689_wavtolip,1,fsgan-wav2lip,FakeVideo-FakeAudio,9.196018879720214e-08,0
fav_id01907_00148,0,real,RealVideo-RealAudio,4.469226724812536e-11,0
fav_id00897_00005,0,real,RealVideo-RealAudio,0.01285340916365385,0
fav_id00418_00052,0,real,RealVideo-RealAudio,3.263749687176798e-11,0
fav_id01452_00001_id00476_wavtolip,1,wav2lip,FakeVideo-RealAudio,0.08510006219148636,0
fav_id01052_00076,0,real,RealVideo-RealAudio,0.0012738201767206192,0
fav_id02807_00032_id06462_Nn79kE76MA4_faceswap_id06462_wavtolip,1,faceswap-wav2lip,FakeVideo-FakeAudio,0.011646021157503128,0
fav_id00232_00025_id00068_A7uFnQw--bY,1,fsgan,FakeVideo-RealAudio,3.312047920189798e-05,0
fav_id00707_00052,0,real,RealVideo-RealAudio,4.7914004426274914e-06,0
fav_id00945_00107_id04073_KT7B07WFWyM_faceswap_id00943_wavtolip,1,faceswap-wav2lip,FakeVideo-FakeAudio,1.5345908987995927e-09,0
fav_id00395_00420,0,real,RealVideo-RealAudio,0.00031156549812294543,0
fav_id00272_00195,0,real,RealVideo-RealAudio,3.498923650813168e-10,0
fav_id03945_00063_id03599_wavtolip,1,wav2lip,FakeVideo-RealAudio,3.9480377300726843e-11,0
fav_id01521_00109,0,real,RealVideo-RealAudio,2.3853001039242372e-05,0
fav_id04530_00231_id07689_2ie0g83JkgA,1,fsgan,FakeVideo-RealAudio,5.8616733440430835e-06,0
fav_id02561_02561_id04726_wavtolip,1,wav2lip,FakeVideo-FakeAudio,2.5887728072326865e-10,0
fav_id03656_00052,0,real,RealVideo-RealAudio,1.744011024129577e-05,0
fav_id00459_00382,0,real,RealVideo-RealAudio,7.620016617693182e-08,0
fav_id04562_00221_id00773_2j3lUETJ57I,1,fsgan,FakeVideo-RealAudio,4.410116716258017e-09,0
fav_id06066_00028_id00363_XNRwEZtddRk,1,fsgan,FakeVideo-RealAudio,5.187947293983086e-10,0
fav_id02586_00042_id03747_wavtolip,1,wav2lip,FakeVideo-FakeAudio,1.9153001407090642e-10,0
fav_id01052_00239_0,1,faceswap,FakeVideo-RealAudio,2.99206112686079e-05,0
fav_id00769_00015,0,real,RealVideo-RealAudio,6.808660657497967e-08,0
fav_id06343_00023_id06438_vf3xBVgYqYA_faceswap_id00235_wavtolip,1,faceswap-wav2lip,FakeVideo-FakeAudio,4.268233533366583e-05,0
fav_id06232_00025_id07078_wavtolip,1,wav2lip,FakeVideo-RealAudio,8.111174926161979e-11,0
fav_id01170_00021,0,real,RealVideo-RealAudio,5.640573874643451e-08,0
fav_id05845_00027,0,real,RealVideo-RealAudio,4.218284402335293e-11,0
fav_id02619_00015_id01026_rM4ZERt7oM0_id04582_wavtolip,1,fsgan-wav2lip,FakeVideo-FakeAudio,0.026087723672389984,0
fav_id03180_00039_id07161_OYWKr82Zu38_id07165_wavtolip,1,fsgan-wav2lip,FakeVideo-FakeAudio,0.0003267505671828985,0
fav_id00350_00015_id07179_wavtolip,1,wav2lip,FakeVideo-FakeAudio,0.0001382952177664265,0
fav_id00350_00015,0,real,RealVideo-RealAudio,0.0020177201367914677,0
fav_id04687_00066,0,real,RealVideo-RealAudio,1.8505978971461445e-08,0
fav_id01920_00099_id01597_wavtolip,1,wav2lip,FakeVideo-RealAudio,1.0454127563619409e-09,0
fav_id04599_00111_id07768_wavtolip,1,wav2lip,FakeVideo-FakeAudio,2.859306888480795e-11,0
fav_id00434_00046_id00325_wavtolip,1,wav2lip,FakeVideo-RealAudio,7.485895459069525e-09,0
fav_id01026_00083_2_id03559_wavtolip,1,faceswap-wav2lip,FakeVideo-FakeAudio,1.1333528560086847e-09,0
fav_id04222_00078,0,real,RealVideo-RealAudio,5.407834464676853e-07,0
fav_id04055_00001,0,real,RealVideo-RealAudio,3.164317661230598e-07,0
fav_id00732_00118_id07058_wavtolip,1,wav2lip,FakeVideo-RealAudio,1.239452096513105e-09,0
fav_id03599_00072_id00773_2j3lUETJ57I,1,fsgan,FakeVideo-RealAudio,4.0339457468840934e-11,0
fav_id04554_00118,0,real,RealVideo-RealAudio,0.00012533512199297547,0
fav_id04562_00221,0,real,RealVideo-RealAudio,4.222409977217012e-09,0
fav_id01182_00167_id00020_VXYAbbQWyQM_id00777_wavtolip,1,fsgan-wav2lip,FakeVideo-FakeAudio,0.07263832539319992,0
fav_id02948_00298_fake,1,rtvc,RealVideo-FakeAudio,0.003169716103002429,0
fav_id00520_00187,0,real,RealVideo-RealAudio,9.15892986452782e-11,0
fav_id07210_00005_id07195_wavtolip,1,wav2lip,FakeVideo-FakeAudio,0.006671060808002949,0
fav_id00358_00217_id00709_Rh23ELMGsIQ_id01154_wavtolip,1,fsgan-wav2lip,FakeVideo-FakeAudio,0.002870705211535096,0
fav_id00848_00028_id02466_VOgaA7O5yWY_faceswap_id02466_wavtolip,1,faceswap-wav2lip,FakeVideo-FakeAudio,0.0015454583335667849,0
fav_id00581_00010,0,real,RealVideo-RealAudio,4.904292943974653e-11,0
fav_id01532_00065,0,real,RealVideo-RealAudio,3.205127541150432e-07,0
fav_id00291_00052,0,real,RealVideo-RealAudio,9.634514753997792e-06,0
fav_id04537_00083,0,real,RealVideo-RealAudio,2.8817323527441374e-11,0
fav_id03656_00052_id04547_3Qy2g2M47Aw,1,fsgan,FakeVideo-RealAudio,7.503467713831924e-08,0
fav_id00577_00010,0,real,RealVideo-RealAudio,2.8489958656119363e-11,0
fav_id02051_00015,0,real,RealVideo-RealAudio,7.030538654362317e-06,0
fav_id00696_00005_id00049_S_EHTUF-mQY_id00179_wavtolip,1,fsgan-wav2lip,FakeVideo-FakeAudio,0.014888862147927284,0
fav_id01204_00092,0,real,RealVideo-RealAudio,0.06663136184215546,0
fav_id00266_00470,0,real,RealVideo-RealAudio,0.012259923852980137,0
fav_id01838_00126_id01532_XnlWp_s_f7Q,1,fsgan,FakeVideo-RealAudio,0.0010766551131382585,0
fav_id04073_00021_2_id00062_wavtolip,1,faceswap-wav2lip,FakeVideo-FakeAudio,1.4704436352985795e-06,0
fav_id02301_00092_id01838_wavtolip,1,wav2lip,FakeVideo-RealAudio,1.4798082759170939e-07,0
fav_id00021_00010_fake,1,rtvc,RealVideo-FakeAudio,0.0001362332550343126,0
fav_id05631_00073_id02587_KzwJPH5_8j0,1,fsgan,FakeVideo-RealAudio,0.0013876614393666387,0
fav_id00078_00114_id07233_wavtolip,1,wav2lip,FakeVideo-RealAudio,0.006576885934919119,0
fav_id00166_00010,0,real,RealVideo-RealAudio,9.624693575460697e-07,0
fav_id06437_00028,0,real,RealVideo-RealAudio,4.280975574033619e-09,0
fav_id01051_00322_2,1,faceswap,FakeVideo-RealAudio,0.00819407682865858,0
fav_id00428_00017_id00383_wavtolip,1,wav2lip,FakeVideo-RealAudio,0.018840810284018517,0
fav_id09171_00092_id09175_wavtolip,1,wav2lip,FakeVideo-RealAudio,4.0956567914918196e-08,0
fav_id04927_00013,0,real,RealVideo-RealAudio,8.046558832575101e-06,0
fav_id01207_00320_id00076_Isiq7cA-DNE_faceswap,1,faceswap,FakeVideo-RealAudio,3.867778666788446e-11,0
fav_id03815_00118,0,real,RealVideo-RealAudio,1.7170309618563806e-10,0
fav_id00417_00069_id06232_wavtolip,1,wav2lip,FakeVideo-RealAudio,3.15598207289991e-11,0
fav_id06066_00028,0,real,RealVideo-RealAudio,3.430744577315181e-10,0
fav_id00461_00043,0,real,RealVideo-RealAudio,2.6703767730396066e-07,0
fav_id00761_00072,0,real,RealVideo-RealAudio,7.878462465749081e-11,0
fav_id00184_00241,0,real,RealVideo-RealAudio,1.1572371949597482e-09,0
fav_id00056_00028,0,real,RealVideo-RealAudio,6.29078122926785e-10,0
fav_id06753_00021_id04562_wavtolip,1,wav2lip,FakeVideo-RealAudio,9.250439303443159e-10,0
fav_id06334_00015_id00032_AQMDc6SKNXs_id04599_wavtolip,1,fsgan-wav2lip,FakeVideo-FakeAudio,0.01807417906820774,0
fav_id01048_00160_3_id01192_wavtolip,1,faceswap-wav2lip,FakeVideo-FakeAudio,7.499440513036859e-10,0
fav_id00328_00092,0,real,RealVideo-RealAudio,3.1721211768420687e-10,0
fav_id00498_00014,0,real,RealVideo-RealAudio,6.198319169925526e-05,0
fav_id00100_00028_id00462_EMnGfAq9gg4_id00431_wavtolip,1,fsgan-wav2lip,FakeVideo-FakeAudio,5.6956366706328865e-11,0
fav_id09116_00026,0,real,RealVideo-RealAudio,1.863657850265099e-08,0
fav_id00232_00025_id00581_wavtolip,1,wav2lip,FakeVideo-RealAudio,2.576196038717171e-07,0
fav_id00495_00027,0,real,RealVideo-RealAudio,0.03963387385010719,0
fav_id03897_00021_id05435_OvX-Jv_whcU,1,fsgan,FakeVideo-RealAudio,0.012201739475131035,0
fav_id06334_00015_id03599_y27BDmRUqMQ_faceswap_id06354_wavtolip,1,faceswap-wav2lip,FakeVideo-FakeAudio,0.0012160554761067033,0
fav_id06535_00183_1_id04726_wavtolip,1,faceswap-wav2lip,FakeVideo-FakeAudio,5.377804312978185e-10,0
fav_id00225_00078_id00171_PWU6n0qrv4c_id01126_wavtolip,1,fsgan-wav2lip,FakeVideo-FakeAudio,4.119090590393171e-05,0
fav_id00345_00243_id00088_6WIDWxr8vuU,1,fsgan,FakeVideo-RealAudio,1.6338026764817215e-10,0
fav_id00398_00016,0,real,RealVideo-RealAudio,4.1410118001294904e-08,0
fav_id00391_00052,0,real,RealVideo-RealAudio,3.0929143690627825e-08,0
fav_id03858_00092_id00395_wM5kGJfTtEM_faceswap_id00365_wavtolip,1,faceswap-wav2lip,FakeVideo-FakeAudio,0.0007073122542351484,0
fav_id04726_00245,0,real,RealVideo-RealAudio,1.2412659788907376e-10,0
fav_id07078_00405_id05920_LuLTJu54joo_id04070_wavtolip,1,fsgan-wav2lip,FakeVideo-FakeAudio,2.2027161321602762e-05,0
fav_id03889_00052,0,real,RealVideo-RealAudio,1.7230551430102992e-09,0
fav_id02807_00032,0,real,RealVideo-RealAudio,7.933199236420663e-11,0
fav_id01052_00076_id00990_G-qzOIgxEoE,1,fsgan,FakeVideo-RealAudio,0.0011072061024606228,0
fav_id00519_00028,0,real,RealVideo-RealAudio,2.2528708143454423e-07,0
fav_id07008_00175_id05434_6p7kCmdOjDQ_faceswap_id04583_wavtolip,1,faceswap-wav2lip,FakeVideo-FakeAudio,2.5531122105348913e-07,0
fav_id08402_00092,0,real,RealVideo-RealAudio,0.0058098589070141315,0
fav_id07686_00254_id06437_wavtolip,1,wav2lip,FakeVideo-FakeAudio,2.591753256453444e-09,0
fav_id07182_00040,0,real,RealVideo-RealAudio,3.352509936327408e-11,0
fav_id00987_00160,0,real,RealVideo-RealAudio,1.3449313485125458e-07,0
fav_id04374_00032,0,real,RealVideo-RealAudio,3.3106597324694675e-11,0
fav_id02493_00073,0,real,RealVideo-RealAudio,7.831511084077647e-07,0
fav_id00594_00005,0,real,RealVideo-RealAudio,3.73697149613772e-11,0
fav_id00680_00110,0,real,RealVideo-RealAudio,0.011632422916591167,0
fav_id04221_00053_id00169_wavtolip,1,wav2lip,FakeVideo-RealAudio,0.021950630471110344,0
fav_id00459_00382_id04560_wavtolip,1,wav2lip,FakeVideo-RealAudio,3.0994267152806287e-09,0
fav_id00271_00028_id00374_wavtolip,1,wav2lip,FakeVideo-FakeAudio,0.0009169368422590196,0
fav_id01210_00283,0,real,RealVideo-RealAudio,0.02235766127705574,0
fav_id02089_00092_id06752_wavtolip,1,wav2lip,FakeVideo-RealAudio,3.287774497096052e-10,0
fav_id01192_00217_id01042_afqWPqWwJIY_id00529_wavtolip,1,fsgan-wav2lip,FakeVideo-FakeAudio,7.373943233801583e-09,0
fav_id08313_00202,0,real,RealVideo-RealAudio,3.257778768972486e-11,0
fav_id02466_00136_id00180_wavtolip,1,wav2lip,FakeVideo-RealAudio,4.3120235160287734e-10,0
fav_id01157_00048,0,real,RealVideo-RealAudio,2.503884877214091e-10,0
fav_id03103_00130,0,real,RealVideo-RealAudio,1.991681415347557e-07,0
fav_id02587_00020,0,real,RealVideo-RealAudio,3.746277593696945e-11,0
fav_id01002_00043_id00633_UXrTMta1EDM_faceswap_id00897_wavtolip,1,faceswap-wav2lip,FakeVideo-FakeAudio,0.0001744591281749308,0
fav_id02040_00476,0,real,RealVideo-RealAudio,2.8474042568227276e-11,0
fav_id00368_00078,0,real,RealVideo-RealAudio,3.2822733420090344e-10,0
fav_id01245_00028,0,real,RealVideo-RealAudio,2.855274003343844e-11,0
fav_id00287_00005_id00271_je6JSLqEEcw,1,fsgan,FakeVideo-RealAudio,2.1034876951375736e-08,0
fav_id00829_00271,0,real,RealVideo-RealAudio,2.131673948468915e-09,0
fav_id03168_03168_2_id04726_wavtolip,1,faceswap-wav2lip,FakeVideo-FakeAudio,2.592394909850526e-10,0
fav_id01091_00236_0,1,faceswap,FakeVideo-RealAudio,0.0031224924605339766,0
fav_id03028_00466,0,real,RealVideo-RealAudio,0.0005896057118661702,0
fav_id01521_00109_id01452_wavtolip,1,wav2lip,FakeVideo-RealAudio,0.0020154505036771297,0
fav_id03985_00005,0,real,RealVideo-RealAudio,5.3777480246708365e-08,0
fav_id01212_00183,0,real,RealVideo-RealAudio,3.8216093484200186e-11,0
fav_id06437_00028_id06752_PYYIloTJiH0_id04070_wavtolip,1,fsgan-wav2lip,FakeVideo-FakeAudio,1.7330270566162653e-05,0
fav_id00591_00001_id00270_wavtolip,1,wav2lip,FakeVideo-RealAudio,3.161953338048917e-11,0
fav_id01210_00283_2_id03757_wavtolip,1,faceswap-wav2lip,FakeVideo-FakeAudio,0.0012793251080438495,0
fav_id01207_00320_id00076_Isiq7cA-DNE_faceswap_id00366_wavtolip,1,faceswap-wav2lip,FakeVideo-FakeAudio,0.04804978892207146,0
fav_id00434_00046_id00234_M3g5KRLJB60,1,fsgan,FakeVideo-RealAudio,2.661038611684319e-10,0
fav_id01042_00154,0,real,RealVideo-RealAudio,4.660097863151691e-10,0
fav_id00835_00195_id00231_Pi8vVHrPQMU,1,fsgan,FakeVideo-RealAudio,0.018557986244559288,0
fav_id00739_00005,0,real,RealVideo-RealAudio,3.1937375410961977e-07,0
fav_id04073_00021_id01042_wavtolip,1,wav2lip,FakeVideo-RealAudio,5.216593823575977e-10,0
fav_id02567_00040,0,real,RealVideo-RealAudio,0.0003617848560679704,0
fav_id01051_00322,0,real,RealVideo-RealAudio,7.542979019170559e-10,0
fav_id00589_00130_id03649_389qfFqUddI,1,fsgan,FakeVideo-RealAudio,6.865373507025652e-06,0
fav_id06060_00219_id00935_wavtolip,1,wav2lip,FakeVideo-FakeAudio,3.0804125916716885e-10,0
fav_id00043_00135_id01026_wavtolip,1,wav2lip,FakeVideo-RealAudio,0.00035939537337981164,0
fav_id04073_00021,0,real,RealVideo-RealAudio,0.005034563131630421,0
fav_id03569_00065,0,real,RealVideo-RealAudio,1.6901422839055158e-07,0
fav_id06428_00043_id06268_wavtolip,1,wav2lip,FakeVideo-RealAudio,0.008554034866392612,0
fav_id01001_00086_id01002_eQTviHjyISo,1,fsgan,FakeVideo-RealAudio,6.303979171207175e-05,0
fav_id04526_00317_2_id04554_wavtolip,1,faceswap-wav2lip,FakeVideo-FakeAudio,8.350315577887457e-11,0
fav_id07008_00175,0,real,RealVideo-RealAudio,4.420985452724402e-11,0
fav_id00709_00206,0,real,RealVideo-RealAudio,1.2416105477086603e-08,0
fav_id07161_00159,0,real,RealVideo-RealAudio,0.042787253856658936,0
fav_id02824_00130,0,real,RealVideo-RealAudio,8.367258885755291e-08,0
fav_id00379_00043_id03716_s-lxbGafZQA_id03620_wavtolip,1,fsgan-wav2lip,FakeVideo-FakeAudio,3.3033622912626015e-06,0
fav_id00696_00005,0,real,RealVideo-RealAudio,9.688158024800941e-05,0
fav_id00569_00239,0,real,RealVideo-RealAudio,6.448821338045363e-11,0
fav_id00848_00028_id01004_wavtolip,1,wav2lip,FakeVideo-RealAudio,0.0030936100520193577,0
fav_id00417_00069,0,real,RealVideo-RealAudio,2.936950335707955e-11,0
fav_id02553_00043_2_id06152_wavtolip,1,faceswap-wav2lip,FakeVideo-FakeAudio,0.04259178042411804,0
fav_id01076_00005_id01995_wavtolip,1,wav2lip,FakeVideo-RealAudio,6.955295783761528e-10,0
fav_id00842_00043,0,real,RealVideo-RealAudio,0.07106710970401764,0
fav_id00231_00037,0,real,RealVideo-RealAudio,1.2428768059180584e-06,0
fav_id01182_00167_id01096_wavtolip,1,wav2lip,FakeVideo-RealAudio,2.4461951397825032e-05,0
fav_id00566_00032,0,real,RealVideo-RealAudio,7.305022791115334e-07,0
fav_id03656_00052_id02838_wavtolip,1,wav2lip,FakeVideo-FakeAudio,3.082720884117762e-11,0
fav_id03713_00249,0,real,RealVideo-RealAudio,5.4058878901086516e-11,0
fav_id00488_00028,0,real,RealVideo-RealAudio,2.993499892411933e-11,0
fav_id08652_00006,0,real,RealVideo-RealAudio,0.004180986899882555,0
fav_id01597_00005,0,real,RealVideo-RealAudio,6.892565962424158e-10,0
fav_id00183_00015_0_id00063_wavtolip,1,faceswap-wav2lip,FakeVideo-FakeAudio,8.8050241174642e-05,0
fav_id00418_00052_id00431_DyRvPN6rEfU_id03781_wavtolip,1,fsgan-wav2lip,FakeVideo-FakeAudio,1.0871874234208434e-10,0
fav_id06428_00043_id07051_wavtolip,1,wav2lip,FakeVideo-FakeAudio,0.0001935546606546268,0
fav_id00149_00284,0,real,RealVideo-RealAudio,1.6637544675290883e-08,0
fav_id00981_00092,0,real,RealVideo-RealAudio,4.170987892848643e-07,0
fav_id01035_00012_0_id00184_wavtolip,1,faceswap-wav2lip,FakeVideo-FakeAudio,9.65076907277762e-09,0
fav_id00373_00028,0,real,RealVideo-RealAudio,0.001411713077686727,0
fav_id06807_00015,0,real,RealVideo-RealAudio,6.452620482377824e-08,0
fav_id00186_00120,0,real,RealVideo-RealAudio,0.027016902342438698,0
fav_id00033_00276_id04601_x4Apx8z6nOg_id03945_wavtolip,1,fsgan-wav2lip,FakeVideo-FakeAudio,3.203764720183244e-07,0
fav_id00192_00078_id00292_qELK8N_DykA_faceswap,1,faceswap,FakeVideo-RealAudio,4.936645382258575e-06,0
fav_id00068_00004,0,real,RealVideo-RealAudio,2.948585233752965e-07,0
fav_id00234_00063,0,real,RealVideo-RealAudio,1.570041945342382e-07,0
fav_id07689_00028_id00488_wavtolip,1,wav2lip,FakeVideo-RealAudio,4.067716119493525e-08,0
fav_id00186_00120_id00358_vsVwGKy79kM_faceswap_id00063_wavtolip,1,faceswap-wav2lip,FakeVideo-FakeAudio,7.954721513669938e-05,0
fav_id00618_00195_id00458_K4t1pQZL7ck_faceswap_id00680_wavtolip,1,faceswap-wav2lip,FakeVideo-FakeAudio,0.01024985034018755,0
fav_id02553_00043_2_id05268_wavtolip,1,faceswap-wav2lip,FakeVideo-FakeAudio,1.8395493461831336e-10,0
fav_id01856_00006,0,real,RealVideo-RealAudio,3.6450233942275645e-09,0
fav_id01691_00045,0,real,RealVideo-RealAudio,1.2381377867409782e-10,0
fav_id00103_00241,0,real,RealVideo-RealAudio,1.2794559189899246e-08,0
fav_id04687_00066_id04884_eq_wk7h1Gzo_id02332_wavtolip,1,fsgan-wav2lip,FakeVideo-FakeAudio,0.03395732864737511,0
fav_id03525_00048,0,real,RealVideo-RealAudio,0.017514588311314583,0
fav_id05931_00013_id01026_rM4ZERt7oM0_faceswap,1,faceswap,FakeVideo-RealAudio,4.0738342477197875e-08,0
fav_id01042_00154_id01172_wavtolip,1,wav2lip,FakeVideo-FakeAudio,1.30542139231693e-05,0
fav_id06428_00043_id00043_wavtolip,1,wav2lip,FakeVideo-RealAudio,1.006454031227122e-08,0
fav_id02466_00136_id03707_pwNcRPQ5qdo_faceswap_id03605_wavtolip,1,faceswap-wav2lip,FakeVideo-FakeAudio,5.988690787717132e-08,0
fav_id00829_00271_id03747_wavtolip,1,wav2lip,FakeVideo-FakeAudio,1.4941095116682845e-07,0
fav_id01035_00012,0,real,RealVideo-RealAudio,0.009080754593014717,0
fav_id00018_00181,0,real,RealVideo-RealAudio,4.0022939823414205e-11,0
fav_id04537_00083_id04601_wavtolip,1,wav2lip,FakeVideo-FakeAudio,0.0036086488980799913,0
fav_id00559_00078,0,real,RealVideo-RealAudio,6.988119594097952e-07,0
fav_id04073_00021_1,1,faceswap,FakeVideo-RealAudio,4.223364019617648e-11,0
fav_id03678_00078_id01201_wavtolip,1,wav2lip,FakeVideo-RealAudio,1.0676121792174698e-10,0
fav_id07383_00011,0,real,RealVideo-RealAudio,5.573883021803283e-11,0
fav_id00414_00052_id07195_wXqfHGtaBn4,1,fsgan,FakeVideo-RealAudio,0.0033165591303259134,0
fav_id07051_00083,0,real,RealVideo-RealAudio,3.7829191168459175e-11,0
fav_id04221_00053_id00062_bctnrIvZHTs,1,fsgan,FakeVideo-RealAudio,2.0563954095109693e-08,0
fav_id06065_00160_id03379_wavtolip,1,wav2lip,FakeVideo-RealAudio,6.35438794915899e-08,0
fav_id02342_00191,0,real,RealVideo-RealAudio,7.004313795633266e-10,0
fav_id00434_00046_id00633_UXrTMta1EDM_id00826_wavtolip,1,fsgan-wav2lip,FakeVideo-FakeAudio,4.3436973462540607e-10,0
fav_id02508_00083_id02808_wavtolip,1,wav2lip,FakeVideo-RealAudio,3.945813009664789e-09,0
fav_id07179_00206_id00032_wavtolip,1,wav2lip,FakeVideo-RealAudio,1.269173377504984e-10,0
fav_id04599_00111,0,real,RealVideo-RealAudio,5.716227491348036e-11,0
fav_id00529_00409_id03678_dsfCxodI9i8_faceswap_id01042_wavtolip,1,faceswap-wav2lip,FakeVideo-FakeAudio,2.919641611809354e-11,0
fav_id06065_00160_id06158_C6FpHdewEzA_id05844_wavtolip,1,fsgan-wav2lip,FakeVideo-FakeAudio,0.008741474710404873,0
fav_id00029_00288,0,real,RealVideo-RealAudio,1.0841986153309335e-07,0
fav_id07799_00063,0,real,RealVideo-RealAudio,4.172011347503002e-11,0
fav_id00398_00016_id00575_iPfJcAJQ84Y_id01004_wavtolip,1,fsgan-wav2lip,FakeVideo-FakeAudio,0.007378477603197098,0
fav_id06232_00025,0,real,RealVideo-RealAudio,3.0289715180487065e-11,0
fav_id01168_00028_id01182_wavtolip,1,wav2lip,FakeVideo-RealAudio,0.014367534779012203,0
fav_id04526_00317_id07182_717IRon_OIQ_id00773_wavtolip,1,fsgan-wav2lip,FakeVideo-FakeAudio,7.758949038816354e-08,0
fav_id07901_00040_id00363_wavtolip,1,wav2lip,FakeVideo-FakeAudio,0.07042263448238373,0
fav_id00063_00021,0,real,RealVideo-RealAudio,0.006447399500757456,0
fav_id04601_00118_id03344_wavtolip,1,wav2lip,FakeVideo-RealAudio,1.835169682884441e-09,0
fav_id02365_00028,0,real,RealVideo-RealAudio,2.500526306903339e-06,0
fav_id00745_00165,0,real,RealVideo-RealAudio,8.041741352826648e-07,0
fav_id00417_00069_id00747_wavtolip,1,wav2lip,FakeVideo-FakeAudio,9.048490028362721e-07,0
fav_id00071_00014,0,real,RealVideo-RealAudio,5.078895810584072e-06,0
fav_id07200_00045,0,real,RealVideo-RealAudio,6.676985503872856e-05,0
fav_id05106_00078,0,real,RealVideo-RealAudio,1.8425340420069602e-10,0
fav_id00332_00293,0,real,RealVideo-RealAudio,2.19740030615867e-08,0
fav_id04537_00083_id00350_75IFJNFAMIM,1,fsgan,FakeVideo-RealAudio,2.8745247501738014e-11,0
fav_id01002_00043_id00232_wavtolip,1,wav2lip,FakeVideo-RealAudio,0.0008359524654224515,0
fav_id00491_00122_id03371_wavtolip,1,wav2lip,FakeVideo-RealAudio,9.269226358687987e-11,0
fav_id00944_00135,0,real,RealVideo-RealAudio,0.0070106531493365765,0
fav_id07108_00412,0,real,RealVideo-RealAudio,9.440807025029585e-10,0
fav_id00806_00005_id00328_wavtolip,1,wav2lip,FakeVideo-FakeAudio,4.8601535990178135e-11,0
fav_id00418_00052_3_id02464_wavtolip,1,faceswap-wav2lip,FakeVideo-FakeAudio,1.2657603853938326e-09,0
fav_id07233_00010,0,real,RealVideo-RealAudio,2.5953383886445636e-10,0
fav_id03757_00149_0_id01048_wavtolip,1,faceswap-wav2lip,FakeVideo-FakeAudio,0.007697169203311205,0
fav_id01236_00005_id01610_l8zb_iaDJJA_faceswap_id01691_wavtolip,1,faceswap-wav2lip,FakeVideo-FakeAudio,0.03669720143079758,0
fav_id01076_00005,0,real,RealVideo-RealAudio,4.9937581847459e-11,0
fav_id00076_00109_id01544_uBo9585VW2A,1,fsgan,FakeVideo-RealAudio,1.1414136996679147e-10,0
fav_id01995_00071_id04727_wavtolip,1,wav2lip,FakeVideo-FakeAudio,1.458875131810089e-09,0
fav_id04736_00083,0,real,RealVideo-RealAudio,0.01287902146577835,0
fav_id00594_00005_id00999_SjnM4XFBz0M_id00185_wavtolip,1,fsgan-wav2lip,FakeVideo-FakeAudio,3.014525518096889e-09,0
fav_id05479_05479,0,real,RealVideo-RealAudio,0.0033588919322937727,0
fav_id00306_00015,0,real,RealVideo-RealAudio,7.71973041047147e-11,0
fav_id00379_00043,0,real,RealVideo-RealAudio,3.2792510373802486e-10,0
fav_id00860_00154,0,real,RealVideo-RealAudio,6.416253306440467e-09,0
fav_id05479_05479_id08652_wavtolip,1,wav2lip,FakeVideo-FakeAudio,4.942913189864839e-09,0
fav_id00594_00005_id00266_utVnnggS30E_id00554_wavtolip,1,fsgan-wav2lip,FakeVideo-FakeAudio,0.0009658496710471809,0
fav_id01163_00195,0,real,RealVideo-RealAudio,2.816225105561898e-06,0
fav_id00685_00146,0,real,RealVideo-RealAudio,1.7496520898774293e-09,0
fav_id00415_00017_id00192_By3wxX0dyDw_faceswap_id00548_wavtolip,1,faceswap-wav2lip,FakeVideo-FakeAudio,6.676634800584225e-09,0
fav_id00266_00470_id00594_2WHHoksbeVw_faceswap_id00305_wavtolip,1,faceswap-wav2lip,FakeVideo-FakeAudio,0.002457511378452182,0
fav_id00265_00130,0,real,RealVideo-RealAudio,6.361706716973003e-10,0
fav_id02268_00036_id00076_wavtolip,1,wav2lip,FakeVideo-FakeAudio,1.1044114216929302e-05,0
fav_id01225_00300_id01238_VPdv2sexRy0_id00616_wavtolip,1,fsgan-wav2lip,FakeVideo-FakeAudio,3.2948452854952848e-09,0
fav_id01004_00028_id01005_lJZrqhcRFSA_id03781_wavtolip,1,fsgan-wav2lip,FakeVideo-FakeAudio,3.2555194651173736e-10,0
fav_id01779_00010,0,real,RealVideo-RealAudio,1.403377947184481e-08,0
fav_id00696_00005_id03525_wavtolip,1,wav2lip,FakeVideo-FakeAudio,0.020649753510951996,0
fav_id00330_00118_id00395_wavtolip,1,wav2lip,FakeVideo-RealAudio,0.00019783247262239456,0
fav_id05620_00005_id09116_wavtolip,1,wav2lip,FakeVideo-RealAudio,7.509172728070723e-10,0
fav_id09181_00048,0,real,RealVideo-RealAudio,9.185137372913488e-11,0
fav_id00264_00257_0_id03678_wavtolip,1,faceswap-wav2lip,FakeVideo-FakeAudio,0.10337542742490768,0
fav_id02342_00191_id04727_AAnyugIAXao,1,fsgan,FakeVideo-RealAudio,4.861178570791935e-09,0
fav_id03620_00081_id00373_5NXv3Dxkd6E,1,fsgan,FakeVideo-RealAudio,2.713063773640556e-09,0
fav_id02838_00080_id02948_wavtolip,1,wav2lip,FakeVideo-RealAudio,0.004649479407817125,0
fav_id04245_00072,0,real,RealVideo-RealAudio,0.0014127444010227919,0
fav_id00262_00028,0,real,RealVideo-RealAudio,2.218547567878204e-10,0
fav_id00366_00118,0,real,RealVideo-RealAudio,5.431240179820662e-11,0
fav_id00225_00078,0,real,RealVideo-RealAudio,1.970734774658922e-05,0
fav_id00243_00037_id03668_mjurT3_7DpE_faceswap_id01211_wavtolip,1,faceswap-wav2lip,FakeVideo-FakeAudio,6.058428425603779e-07,0
fav_id00848_00028_id00398_wavtolip,1,wav2lip,FakeVideo-FakeAudio,5.714290152170065e-10,0
fav_id00264_00257_id00971_wavtolip,1,wav2lip,FakeVideo-FakeAudio,5.807914931210689e-07,0
fav_id00763_00074,0,real,RealVideo-RealAudio,2.9089744502108772e-11,0
fav_id07236_00143,0,real,RealVideo-RealAudio,3.3138120719700126e-11,0
fav_id00554_00028,0,real,RealVideo-RealAudio,6.036337207859788e-09,0
fav_id01124_00063_id00696_7PrURACjhqU_faceswap_id00264_wavtolip,1,faceswap-wav2lip,FakeVideo-FakeAudio,0.043233722448349,0
fav_id05920_00161,0,real,RealVideo-RealAudio,2.9491145636662e-11,0
fav_id05576_00368,0,real,RealVideo-RealAudio,2.274275767710776e-10,0
fav_id05332_00065_id04111_wavtolip,1,faceswap-wav2lip,FakeVideo-FakeAudio,0.00022730826458428055,0
fav_id00183_00015_1_id00186_wavtolip,1,faceswap-wav2lip,FakeVideo-FakeAudio,0.011864413507282734,0
fav_id03569_00065_id00371_t20i0HtPwW0_id01661_wavtolip,1,fsgan-wav2lip,FakeVideo-FakeAudio,5.343734899021513e-10,0
fav_id04561_00248,0,real,RealVideo-RealAudio,1.565455098884172e-09,0
fav_id08299_00110,0,real,RealVideo-RealAudio,0.008845883421599865,0
fav_id00365_00078,0,real,RealVideo-RealAudio,0.005226857960224152,0
fav_id00579_00030_id06462_Nn79kE76MA4_faceswap_id02587_wavtolip,1,faceswap-wav2lip,FakeVideo-FakeAudio,0.00041211003554053605,0
fav_id03371_00430_id00071_wavtolip,1,wav2lip,FakeVideo-RealAudio,1.690410681476351e-05,0
fav_id00430_00209_id08402_wavtolip,1,wav2lip,FakeVideo-RealAudio,1.1083167805736593e-07,0
fav_id00813_00169_id00042_wavtolip,1,wav2lip,FakeVideo-RealAudio,0.0004082332015968859,0
fav_id00548_00015_id00919_wavtolip,1,wav2lip,FakeVideo-FakeAudio,0.00560765853151679,0
fav_id00231_00037_id00680_wavtolip,1,wav2lip,FakeVideo-FakeAudio,0.0060247862711548805,0
fav_id08457_00417_id03599_y27BDmRUqMQ,1,fsgan,FakeVideo-RealAudio,4.318811974712844e-11,0
fav_id01201_00028_id00062_bctnrIvZHTs_id01124_wavtolip,1,fsgan-wav2lip,FakeVideo-FakeAudio,0.00011973688378930092,0
fav_id04414_00001,0,real,RealVideo-RealAudio,0.0013770111836493015,0
fav_id01076_00005_id00987_S4evN4CPCe4,1,fsgan,FakeVideo-RealAudio,3.387928479425817e-11,0
fav_id06776_00021,0,real,RealVideo-RealAudio,2.4165663914388347e-10,0
fav_id07200_00045_id00685_Hgrz1Tbmix4,1,fsgan,FakeVideo-RealAudio,0.0001143900808528997,0
fav_id00225_00078_id00185_1lsGWpwnl1M_id00559_wavtolip,1,fsgan-wav2lip,FakeVideo-FakeAudio,5.145052455191035e-07,0
fav_id04490_00054,0,real,RealVideo-RealAudio,3.173966922620508e-10,0
fav_id09116_00026_id06427_dBBAKe2EA_o,1,fsgan,FakeVideo-RealAudio,1.3567182044482706e-08,0
fav_id00266_00470_id00594_2WHHoksbeVw,1,fsgan,FakeVideo-RealAudio,0.005118534900248051,0
fav_id01005_00028_id00842__jwlpdZvqus_id00145_wavtolip,1,fsgan-wav2lip,FakeVideo-FakeAudio,6.325936302564727e-11,0
fav_id00381_00030_id00190_wavtolip,1,wav2lip,FakeVideo-RealAudio,0.11709370464086533,0
fav_id04562_00221_id07108_qwfQPcvjGRY,1,fsgan,FakeVideo-RealAudio,3.3607592264672803e-09,0
fav_id03858_00092,0,real,RealVideo-RealAudio,0.0031452851835638285,0
fav_id00618_00195,0,real,RealVideo-RealAudio,2.7779121225535164e-08,0
fav_id04928_00027_id03344_vyNnOo6lU0o,1,fsgan,FakeVideo-RealAudio,0.00013802923785988241,0
fav_id00832_00078,0,real,RealVideo-RealAudio,0.11168503016233444,0
fav_id06268_00159,0,real,RealVideo-RealAudio,0.007292390801012516,0
fav_id08313_00202_id03945_8gN6kSKpLRg_id04601_wavtolip,1,fsgan-wav2lip,FakeVideo-FakeAudio,0.0011094714282080531,0
fav_id03344_00114,0,real,RealVideo-RealAudio,5.6598132430751846e-11,0
fav_id00052_00015_id01035_6EWG3Ywu3jg,1,fsgan,FakeVideo-RealAudio,2.9068834145329348e-11,0
fav_id05435_00107,0,real,RealVideo-RealAudio,0.001900098635815084,0
fav_id01123_00072_id00909_nEQbKqo1XCs_id00963_wavtolip,1,fsgan-wav2lip,FakeVideo-FakeAudio,3.300271445016989e-10,0
fav_id00694_00340,0,real,RealVideo-RealAudio,2.581032054749244e-10,0
fav_id03589_00002,0,real,RealVideo-RealAudio,9.687274593606077e-11,0
fav_id00458_00072,0,real,RealVideo-RealAudio,3.230343423310522e-11,0
fav_id00740_00015_id00056_wavtolip,1,wav2lip,FakeVideo-FakeAudio,3.4924813041570246e-11,0
fav_id07058_00010_id00103_qpTVaP4y5DQ,1,fsgan,FakeVideo-RealAudio,9.414432788901195e-09,0
fav_id01005_00028_id00428_Kr7n-68JWww_id00618_wavtolip,1,fsgan-wav2lip,FakeVideo-FakeAudio,0.004127661697566509,0
fav_id01035_00012_3_id01168_wavtolip,1,faceswap-wav2lip,FakeVideo-FakeAudio,0.0596192367374897,0
fav_id04547_00052,0,real,RealVideo-RealAudio,0.008254986256361008,0
fav_id07236_00143_id05435_OvX-Jv_whcU,1,fsgan,FakeVideo-RealAudio,1.3437910506564066e-10,0
fav_id00633_00088,0,real,RealVideo-RealAudio,4.97806906807341e-10,0
fav_id04529_00186,0,real,RealVideo-RealAudio,4.210270326820975e-11,0
fav_id02089_00092_id06445_NWtdqOxEbDY_id07236_wavtolip,1,fsgan-wav2lip,FakeVideo-FakeAudio,0.0004820676986128092,0
fav_id00330_00118,0,real,RealVideo-RealAudio,1.5693976673780696e-10,0
fav_id03985_00005_id07686_lwSGz24c1Bs_id04070_wavtolip,1,fsgan-wav2lip,FakeVideo-FakeAudio,0.00015672660083509982,0
fav_id00529_00409,0,real,RealVideo-RealAudio,9.636940490054258e-08,0
fav_id04490_00054_id06437_3BZvvzBhj8s_id05931_wavtolip,1,fsgan-wav2lip,FakeVideo-FakeAudio,0.020547296851873398,0
fav_id01598_00044,0,real,RealVideo-RealAudio,2.898163700137957e-07,0
fav_id07689_00028_id06752_wavtolip,1,wav2lip,FakeVideo-RealAudio,1.4606953147033863e-10,0
fav_id00088_00005_id01035_wavtolip,1,wav2lip,FakeVideo-RealAudio,0.0011806880356743932,0
fav_id06470_00052_id09053_6baCAGutGFg_id04687_wavtolip,1,fsgan-wav2lip,FakeVideo-FakeAudio,9.852249058894813e-05,0
fav_id06752_00221,0,real,RealVideo-RealAudio,9.48100764563975e-11,0
fav_id04939_00174_id02586_dEYzYDsbAeo_id00832_wavtolip,1,fsgan-wav2lip,FakeVideo-FakeAudio,0.05867250636219978,0
fav_id07689_00028_id05920_LuLTJu54joo,1,fsgan,FakeVideo-RealAudio,1.0250323922988969e-09,0
fav_id05231_00149_id05252_wavtolip,1,wav2lip,FakeVideo-FakeAudio,3.9161078824179185e-09,0
fav_id00043_00135,0,real,RealVideo-RealAudio,1.3709698976072104e-07,0
fav_id03889_00052_id01589_ZCwF6XVRiAU_faceswap_id04691_wavtolip,1,faceswap-wav2lip,FakeVideo-FakeAudio,4.10093562095426e-05,0
fav_id07236_00143_id07377_wavtolip,1,wav2lip,FakeVideo-RealAudio,2.943932944643457e-11,0
fav_id07901_00040_id05844_wavtolip,1,wav2lip,FakeVideo-FakeAudio,0.013630712404847145,0
fav_id00987_00160_id02005_7_Egh9mW5y4_id00761_wavtolip,1,fsgan-wav2lip,FakeVideo-FakeAudio,6.512006621051114e-06,0
fav_id00701_00092,0,real,RealVideo-RealAudio,0.0008835963089950383,0
fav_id00813_00169_id00897_0ayFw8JhoyI_faceswap_id00234_wavtolip,1,faceswap-wav2lip,FakeVideo-FakeAudio,7.149294833652675e-05,0
fav_id06232_00025_id05478_VJkjRzPt-Jw_id00747_wavtolip,1,fsgan-wav2lip,FakeVideo-FakeAudio,1.0806213562863931e-10,0
fav_id00735_00037,0,real,RealVideo-RealAudio,1.8777723820306846e-09,0
fav_id00383_00171_id00575_iPfJcAJQ84Y_id00180_wavtolip,1,fsgan-wav2lip,FakeVideo-FakeAudio,0.00011436925706220791,0
fav_id03344_00114_id00103_qpTVaP4y5DQ_id03945_wavtolip,1,fsgan-wav2lip,FakeVideo-FakeAudio,3.5418750485405326e-05,0
fav_id01026_00083,0,real,RealVideo-RealAudio,0.0002220165333710611,0
fav_id04705_00408_id03569_wavtolip,1,wav2lip,FakeVideo-RealAudio,2.1503174707504513e-07,0
fav_id04219_00130_id03678_wavtolip,1,wav2lip,FakeVideo-RealAudio,0.014767469838261604,0
fav_id06354_00021,0,real,RealVideo-RealAudio,8.492239550461633e-11,0
fav_id00190_00072,0,real,RealVideo-RealAudio,0.11873436719179153,0
fav_id03940_00025,0,real,RealVideo-RealAudio,0.004154953174293041,0
fav_id04727_00007_id00475_xQjvXRcnPvw_id01544_wavtolip,1,fsgan-wav2lip,FakeVideo-FakeAudio,0.004214149434119463,0
fav_id00680_00110_id01231_XXpYdOHUF-g_id00618_wavtolip,1,fsgan-wav2lip,FakeVideo-FakeAudio,0.00524101871997118,0
fav_id01691_00045_id01972_hBYoeQTm8ZQ,1,fsgan,FakeVideo-RealAudio,0.0005767332622781396,0
fav_id00806_00005,0,real,RealVideo-RealAudio,4.344150386637047e-11,0
fav_id07210_00005,0,real,RealVideo-RealAudio,0.0014081776607781649,0
fav_id04884_00028,0,real,RealVideo-RealAudio,1.1450164549842157e-07,0
fav_id00943_00304,0,real,RealVideo-RealAudio,2.9785978767904453e-05,0
fav_id02553_00043_id04726_wavtolip,1,wav2lip,FakeVideo-RealAudio,1.0837403197072604e-10,0
fav_id00775_00092,0,real,RealVideo-RealAudio,0.05471409857273102,0
fav_id00830_00143,0,real,RealVideo-RealAudio,2.481810090770864e-09,0
fav_id03599_00072_id08313_t6WZ9KCaXBM_faceswap_id04601_wavtolip,1,faceswap-wav2lip,FakeVideo-FakeAudio,0.0008692497503943741,0
fav_id05235_00052,0,real,RealVideo-RealAudio,2.961029685333294e-11,0
fav_id07338_00003,0,real,RealVideo-RealAudio,4.2400937871889255e-08,0
fav_id00235_00052,0,real,RealVideo-RealAudio,3.6739510739236536e-11,0
fav_id00589_00130_id00634_z5t9oJizDQg_id00897_wavtolip,1,fsgan-wav2lip,FakeVideo-FakeAudio,0.0005579609423875809,0
fav_id06594_00002,0,real,RealVideo-RealAudio,2.1769082092504277e-09,0
fav_id00568_00384,0,real,RealVideo-RealAudio,3.241283241806059e-09,0
fav_id00185_00015_id00183_z2DhZllPWUQ_id01058_wavtolip,1,fsgan-wav2lip,FakeVideo-FakeAudio,0.00746573694050312,0
fav_id00291_00052_id00680_NPT6JF_2F4M_id01248_wavtolip,1,fsgan-wav2lip,FakeVideo-FakeAudio,1.1672809940854734e-10,0
fav_id00325_00015,0,real,RealVideo-RealAudio,8.76060397558831e-08,0
fav_id01211_00023_id00345_TIsGVOYfvZ8_id00971_wavtolip,1,fsgan-wav2lip,FakeVideo-FakeAudio,1.129356497209244e-09,0
fav_id00345_00243,0,real,RealVideo-RealAudio,1.2796570747486413e-10,0
fav_id06437_00028_id04070_F3CgrqRjcgw,1,fsgan,FakeVideo-RealAudio,9.082136820381947e-09,0
fav_id00735_00037_id00496_wavtolip,1,wav2lip,FakeVideo-FakeAudio,0.022253673523664474,0
fav_id00363_00014,0,real,RealVideo-RealAudio,3.176007112415391e-06,0
fav_id06158_00015,0,real,RealVideo-RealAudio,0.00194698222912848,0
fav_id08457_00417,0,real,RealVideo-RealAudio,3.7302848310272196e-11,0
fav_id01661_00059,0,real,RealVideo-RealAudio,9.219768004609108e-11,0
fav_id01210_00283_id00029_wavtolip,1,wav2lip,FakeVideo-RealAudio,0.0004133095790166408,0
fav_id04939_00174,0,real,RealVideo-RealAudio,1.0979162468061077e-08,0
fav_id06060_00219,0,real,RealVideo-RealAudio,0.0009105674107559025,0
fav_id00781_00092,0,real,RealVideo-RealAudio,3.7098338623309246e-08,0
fav_id07179_00206_id07163_aO7f_YmkQnc,1,fsgan,FakeVideo-RealAudio,0.0029400382190942764,0
fav_id06752_00221_id07049_BiljgZcyWI4_id06254_wavtolip,1,fsgan-wav2lip,FakeVideo-FakeAudio,4.2929253901702324e-11,0
fav_id00579_00030_id04057_SmHwNbR-498,1,fsgan,FakeVideo-RealAudio,4.67372203161176e-08,0
fav_id02466_00136,0,real,RealVideo-RealAudio,1.0496380582480924e-06,0
fav_id00462_00143,0,real,RealVideo-RealAudio,0.00036303832894191146,0
fav_id00616_00305,0,real,RealVideo-RealAudio,1.6855581179697765e-06,0
fav_id01124_00063,0,real,RealVideo-RealAudio,0.002044834429398179,0
fav_id01058_00005_id00946_wavtolip,1,wav2lip,FakeVideo-FakeAudio,9.092558173051657e-08,0
fav_id07136_00052,0,real,RealVideo-RealAudio,8.604544160517591e-11,0
fav_id00943_00304_id00021_6uNNej-JZ-c,1,fsgan,FakeVideo-RealAudio,5.678111847373657e-05,0
fav_id03696_00160,0,real,RealVideo-RealAudio,6.501499338895655e-10,0
fav_id00777_00160_id01192_kAht8HG7-1s,1,fsgan,FakeVideo-RealAudio,0.001485331915318966,0
fav_id01005_00028_id02464_1hxJsZYV7mI_id00398_wavtolip,1,fsgan-wav2lip,FakeVideo-FakeAudio,7.293078918557683e-10,0
fav_id00018_00181_id04219_wavtolip,1,wav2lip,FakeVideo-RealAudio,2.8733571078021214e-11,0
fav_id00708_00043,0,real,RealVideo-RealAudio,0.05770992115139961,0
fav_id01105_00083,0,real,RealVideo-RealAudio,0.0005106973112560809,0
fav_id04219_00130_id00052_wavtolip,1,wav2lip,FakeVideo-RealAudio,2.9975112669777815e-11,0
fav_id04057_00015,0,real,RealVideo-RealAudio,1.2390188874888963e-10,0
fav_id00391_00052_fake,1,rtvc,RealVideo-FakeAudio,0.0009302460821345448,0
fav_id01392_00167,0,real,RealVideo-RealAudio,2.8813823549356243e-10,0
fav_id03371_00430_id00484_wavtolip,1,wav2lip,FakeVideo-RealAudio,3.286369292254676e-06,0
fav_id00366_00118_id01972_wavtolip,1,wav2lip,FakeVideo-RealAudio,0.06874793767929077,0
fav_id01044_00336,0,real,RealVideo-RealAudio,7.598920936935372e-10,0
fav_id00062_00278_id04034_8ZeJXbjFa_o_id01239_wavtolip,1,fsgan-wav2lip,FakeVideo-FakeAudio,0.004345978610217571,0
fav_id01598_00044_id01691_IVtS5z8Jrrk_id01544_wavtolip,1,fsgan-wav2lip,FakeVideo-FakeAudio,0.0009822503197938204,0
fav_id09175_00072,0,real,RealVideo-RealAudio,1.1777348873920346e-08,0
fav_id05980_00143,0,real,RealVideo-RealAudio,0.033176396042108536,0
fav_id01091_00236,0,real,RealVideo-RealAudio,0.0001455545425415039,0
fav_id01091_00236_id00835_zWTp4szbb5k_id00618_wavtolip,1,fsgan-wav2lip,FakeVideo-FakeAudio,0.0055618672631680965,0
fav_id00842_00043_id00462_wavtolip,1,wav2lip,FakeVideo-RealAudio,0.0002457213413435966,0
fav_id02619_00015,0,real,RealVideo-RealAudio,0.05422701686620712,0
fav_id09181_00048_id00582_9gvF6IohoUI,1,fsgan,FakeVideo-RealAudio,1.2696503570719386e-10,0
fav_id04928_00027,0,real,RealVideo-RealAudio,0.0001602564298082143,0
fav_id02089_00092,0,real,RealVideo-RealAudio,3.905704926143727e-11,0
fav_id01223_00255,0,real,RealVideo-RealAudio,4.610743037369858e-11,0
fav_id04789_002121,0,real,RealVideo-RealAudio,2.289824552192954e-09,0
fav_id00187_00360,0,real,RealVideo-RealAudio,2.1541201931540854e-05,0
fav_id05235_00052_id01907_LBcRkuRq0uY_faceswap_id02808_wavtolip,1,faceswap-wav2lip,FakeVideo-FakeAudio,0.003966891206800938,0
fav_id06061_00002_id03379_A32nCObAHiI_id08397_wavtolip,1,fsgan-wav2lip,FakeVideo-FakeAudio,0.007638030685484409,0
fav_id04554_00118_id00078_wavtolip,1,wav2lip,FakeVideo-FakeAudio,4.656374585465528e-05,0
fav_id00560_00041,0,real,RealVideo-RealAudio,0.019036367535591125,0
fav_id09053_00005,0,real,RealVideo-RealAudio,3.3610829397456854e-11,0
fav_id00752_00340,0,real,RealVideo-RealAudio,5.3484636858280865e-11,0
fav_id00476_00109,0,real,RealVideo-RealAudio,0.0057830060832202435,0
fav_id03556_00043,0,real,RealVideo-RealAudio,8.009481007320574e-07,0
fav_id00366_00118_id00076_Isiq7cA-DNE_faceswap,1,faceswap,FakeVideo-RealAudio,4.2297651492440025e-11,0
fav_id00020_00206,0,real,RealVideo-RealAudio,8.609370855117149e-11,0
fav_id04689_00005_id02838_wavtolip,1,wav2lip,FakeVideo-RealAudio,3.825080530095448e-11,0
fav_id00707_00052_id01838_q_lUk55OrL0_id04689_wavtolip,1,fsgan-wav2lip,FakeVideo-FakeAudio,4.4731393700203625e-08,0
fav_id04376_00181,0,real,RealVideo-RealAudio,3.897251618645292e-11,0
fav_id00857_00347,0,real,RealVideo-RealAudio,2.8874654403598932e-11,0
fav_id04219_00130,0,real,RealVideo-RealAudio,2.8685769037917197e-11,0
fav_id03379_00032_id00579_wavtolip,1,wav2lip,FakeVideo-RealAudio,3.6820519966340726e-08,0
fav_id00685_00146_id00745_eODND1ul7vE_faceswap_id00082_wavtolip,1,faceswap-wav2lip,FakeVideo-FakeAudio,7.398743036901578e-05,0
fav_id04066_00013,0,real,RealVideo-RealAudio,6.970215622459364e-07,0
fav_id01154_00118,0,real,RealVideo-RealAudio,0.004398093093186617,0
fav_id07739_00019,0,real,RealVideo-RealAudio,2.6513540433370508e-05,0
fav_id02365_00028_id04222_wavtolip,1,wav2lip,FakeVideo-FakeAudio,5.476182174390942e-09,0
fav_id01530_00002_id01637_wavtolip,1,wav2lip,FakeVideo-RealAudio,5.023085072886069e-11,0
fav_id01933_00028,0,real,RealVideo-RealAudio,2.0976873202016577e-05,0
fav_id00383_00171,0,real,RealVideo-RealAudio,0.022187678143382072,0
fav_id00243_00037_id03678_dsfCxodI9i8_id00708_wavtolip,1,fsgan-wav2lip,FakeVideo-FakeAudio,0.01017848402261734,0
fav_id04034_00009,0,real,RealVideo-RealAudio,5.6724149682940705e-11,0
fav_id01783_00015_id04374_wavtolip,1,wav2lip,FakeVideo-RealAudio,3.222896602372849e-11,0
fav_id03747_00273,0,real,RealVideo-RealAudio,3.481739549449081e-11,0
fav_id01154_00118_id01126_wavtolip,1,wav2lip,FakeVideo-RealAudio,2.6650359696844816e-10,0
fav_id03168_03168_id09143_wavtolip,1,wav2lip,FakeVideo-RealAudio,0.00019812978280242532,0
fav_id03678_00078_id03668_mjurT3_7DpE_faceswap_id01192_wavtolip,1,faceswap-wav2lip,FakeVideo-FakeAudio,1.552616311073507e-07,0
fav_id07338_00003_id00056_wavtolip,1,wav2lip,FakeVideo-FakeAudio,3.3001941457388995e-11,0
fav_id00025_00025_id01004_867Wlj7Gw68_faceswap_id01227_wavtolip,1,faceswap-wav2lip,FakeVideo-FakeAudio,0.010843767784535885,0
fav_id00841_00078,0,real,RealVideo-RealAudio,4.176806396571919e-05,0
fav_id00403_00052_id00271_je6JSLqEEcw_id00581_wavtolip,1,fsgan-wav2lip,FakeVideo-FakeAudio,5.1403068468403035e-09,0
fav_id00391_00052_id00366_wavtolip,1,wav2lip,FakeVideo-FakeAudio,0.03328026086091995,0
fav_id03941_00021_id00826_wavtolip,1,wav2lip,FakeVideo-RealAudio,1.1782280706640336e-10,0
fav_id01051_00322_2_id00063_wavtolip,1,faceswap-wav2lip,FakeVideo-FakeAudio,4.902080399915576e-05,0
fav_id04554_00118_id06753_wavtolip,1,wav2lip,FakeVideo-FakeAudio,1.7388165352016927e-09,0
fav_id01231_00015_id00098_wavtolip,1,wav2lip,FakeVideo-RealAudio,0.006345364265143871,0
fav_id01231_00015,0,real,RealVideo-RealAudio,8.929443989780239e-11,0
fav_id01002_00043,0,real,RealVideo-RealAudio,4.573348810765765e-09,0
fav_id09116_00026_id06066_wavtolip,1,wav2lip,FakeVideo-FakeAudio,2.0506142561771412e-08,0
fav_id00484_00202,0,real,RealVideo-RealAudio,7.543120545960846e-07,0
fav_id00068_00004_2_id03716_wavtolip,1,faceswap-wav2lip,FakeVideo-FakeAudio,2.072936822195004e-10,0
fav_id00055_00120_id01154_wavtolip,1,wav2lip,FakeVideo-FakeAudio,0.002090748166665435,0
fav_id01018_00072_id00581_wavtolip,1,wav2lip,FakeVideo-FakeAudio,8.061849798846055e-11,0
fav_id01215_00001_0,1,faceswap,FakeVideo-RealAudio,1.9459853319858667e-06,0
fav_id00097_00162,0,real,RealVideo-RealAudio,3.091352868134223e-11,0
fav_id00033_00276,0,real,RealVideo-RealAudio,0.0005952391074970365,0
fav_id02619_00015_id00417_GhIZam3v09g_id03815_wavtolip,1,fsgan-wav2lip,FakeVideo-FakeAudio,3.594598924072656e-11,0
fav_id01099_00206_id00919_XDUn0Pskyrk,1,fsgan,FakeVideo-RealAudio,0.08025669306516647,0
fav_id01212_00183_id01212_wavtolip,1,wav2lip,FakeVideo-RealAudio,3.6582251117245335e-11,0
fav_id00634_00078_id03649_389qfFqUddI_faceswap_id00188_wavtolip,1,faceswap-wav2lip,FakeVideo-FakeAudio,1.089032366508036e-06,0
fav_id01211_00023,0,real,RealVideo-RealAudio,7.87593879003623e-11,0
fav_id00060_00307,0,real,RealVideo-RealAudio,0.0013465373776853085,0
fav_id02296_00019,0,real,RealVideo-RealAudio,2.3545530325463915e-07,0
fav_id07058_00010,0,real,RealVideo-RealAudio,2.9780700128156923e-09,0
fav_id00374_00311,0,real,RealVideo-RealAudio,2.961662165512635e-11,0
fav_id01452_00001_id01717_JDW6p8yU13A_id02342_wavtolip,1,fsgan-wav2lip,FakeVideo-FakeAudio,3.269616133394493e-09,0
fav_id03678_00078,0,real,RealVideo-RealAudio,0.013878623954951763,0
fav_id00100_00028,0,real,RealVideo-RealAudio,1.806496811695979e-06,0
fav_id00589_00130,0,real,RealVideo-RealAudio,1.1114429980807472e-05,0
fav_id07194_00014,0,real,RealVideo-RealAudio,6.350016346079457e-11,0
fav_id06343_00023,0,real,RealVideo-RealAudio,5.75182002648944e-06,0
fav_id06462_00014,0,real,RealVideo-RealAudio,0.009687639772891998,0
fav_id01783_00015,0,real,RealVideo-RealAudio,8.413175964960828e-05,0
fav_id01238_00037_id00097_PchMB8-P1lw,1,fsgan,FakeVideo-RealAudio,0.00030661121127195656,0
fav_id00381_00030,0,real,RealVideo-RealAudio,3.2563656215955916e-09,0
fav_id01856_00006_id01920_w9C_knCPD94,1,fsgan,FakeVideo-RealAudio,3.3326028603397617e-09,0
fav_id00398_00016_id00100_sZ0Ex4WUEgM_id00180_wavtolip,1,fsgan-wav2lip,FakeVideo-FakeAudio,9.794153447728604e-05,0
fav_id04562_00221_id03180_wavtolip,1,wav2lip,FakeVideo-RealAudio,0.00022602129320148379,0
fav_id00330_00118_id00897_0ayFw8JhoyI,1,fsgan,FakeVideo-RealAudio,1.5307197176461784e-10,0
fav_id00863_00069,0,real,RealVideo-RealAudio,6.521252089441987e-07,0
fav_id00185_00015,0,real,RealVideo-RealAudio,0.0035084744449704885,0
fav_id03569_00065_id01838_wavtolip,1,wav2lip,FakeVideo-FakeAudio,0.01587557978928089,0
fav_id03941_00021,0,real,RealVideo-RealAudio,9.938030842704393e-09,0
fav_id01995_00071,0,real,RealVideo-RealAudio,3.707768669869438e-08,0
fav_id01717_00005,0,real,RealVideo-RealAudio,0.0049049402587115765,0
fav_id07463_00028,0,real,RealVideo-RealAudio,8.672196294412515e-11,0
fav_id01521_00109_id01637_5VjcPZm8knM_id01544_wavtolip,1,fsgan-wav2lip,FakeVideo-FakeAudio,0.0010536365443840623,0
fav_id04529_00186_id04530_W5-PTTL9HzU_id00747_wavtolip,1,fsgan-wav2lip,FakeVideo-FakeAudio,2.8852650824084947e-10,0
fav_id01102_00197_id00187_wavtolip,1,wav2lip,FakeVideo-RealAudio,3.720193220146939e-08,0
fav_id00359_00053,0,real,RealVideo-RealAudio,8.483508651124794e-08,0
fav_id00990_00160,0,real,RealVideo-RealAudio,1.7528042906000962e-10,0
fav_id00183_00015_0_id00171_wavtolip,1,faceswap-wav2lip,FakeVideo-FakeAudio,0.0006016827537678182,0
fav_id00414_00052_id03599_wavtolip,1,wav2lip,FakeVideo-FakeAudio,2.2366856977651395e-10,0
fav_id03707_00055,0,real,RealVideo-RealAudio,0.000311751791741699,0
fav_id01004_00028,0,real,RealVideo-RealAudio,0.0039153629913926125,0
fav_id00088_00005,0,real,RealVideo-RealAudio,0.0006517755682580173,0
fav_id02005_00052,0,real,RealVideo-RealAudio,1.1099991759078165e-10,0
fav_id05631_00073,0,real,RealVideo-RealAudio,0.0009367387974634767,0
fav_id00860_00154_id00773_wavtolip,1,wav2lip,FakeVideo-FakeAudio,3.232172218758933e-08,0
fav_id00192_00078,0,real,RealVideo-RealAudio,4.4408503541149e-09,0
fav_id01589_00017,0,real,RealVideo-RealAudio,0.02544342540204525,0
fav_id00990_00160_id00358_vsVwGKy79kM_id00368_wavtolip,1,fsgan-wav2lip,FakeVideo-FakeAudio,4.813780929424638e-09,0
fav_id00383_00171_id02466_VOgaA7O5yWY_id01223_wavtolip,1,fsgan-wav2lip,FakeVideo-FakeAudio,1.3353466943311076e-10,0
fav_id01098_00044_id00292_wavtolip,1,wav2lip,FakeVideo-RealAudio,9.452157945233353e-10,0
fav_id09171_00092,0,real,RealVideo-RealAudio,1.0857202636938013e-10,0
fav_id00232_00025,0,real,RealVideo-RealAudio,8.759024058235809e-05,0
fav_id06355_00347,0,real,RealVideo-RealAudio,1.8761650011356323e-09,0
fav_id02316_00094,0,real,RealVideo-RealAudio,4.3305661140413676e-11,0
fav_id00282_00268,0,real,RealVideo-RealAudio,0.0001343766925856471,0
fav_id08613_00074_id02332_wavtolip,1,faceswap-wav2lip,FakeVideo-FakeAudio,0.029982810840010643,0
fav_id00559_00078_id00368_KohcGDsg29U_id00253_wavtolip,1,fsgan-wav2lip,FakeVideo-FakeAudio,0.05381075292825699,0
fav_id02365_00028_id03168_wavtolip,1,wav2lip,FakeVideo-RealAudio,0.003501043887808919,0
fav_id00548_00015,0,real,RealVideo-RealAudio,1.0042822129463502e-10,0
fav_id00594_00005_id00192_wavtolip,1,wav2lip,FakeVideo-RealAudio,1.136757840636271e-10,0
fav_id03180_00039,0,real,RealVideo-RealAudio,0.0002025423018494621,0
fav_id01452_00001,0,real,RealVideo-RealAudio,0.010439297184348106,0
fav_id07901_00040,0,real,RealVideo-RealAudio,0.0004282339650671929,0
fav_id00589_00130_id00495_E46aiMUC4A0_id00325_wavtolip,1,fsgan-wav2lip,FakeVideo-FakeAudio,3.400673520559394e-09,0
fav_id06054_00010,0,real,RealVideo-RealAudio,4.483758850315489e-11,0
fav_id06343_00023_id06752_PYYIloTJiH0,1,fsgan,FakeVideo-RealAudio,1.3851063158654142e-05,0
fav_id04689_00005,0,real,RealVideo-RealAudio,0.01320216991007328,0
fav_id03707_00055_id00261_wavtolip,1,wav2lip,FakeVideo-RealAudio,5.1025763475598396e-11,0
fav_id00519_00028_id00535_wavtolip,1,wav2lip,FakeVideo-RealAudio,0.00046935418504290283,0
fav_id03658_00077,0,real,RealVideo-RealAudio,6.357145365676331e-10,0
fav_id00145_00043_fake,1,rtvc,RealVideo-FakeAudio,6.832652499344505e-11,0
fav_id00060_00307_id00179_Ux9OYyipQi8_id01201_wavtolip,1,fsgan-wav2lip,FakeVideo-FakeAudio,1.3558863753981854e-10,0
fav_id03815_00118_id03559_pgetxl1qbzM_id00149_wavtolip,1,fsgan-wav2lip,FakeVideo-FakeAudio,9.864232453082877e-08,0
fav_id01238_00037,0,real,RealVideo-RealAudio,0.0001604812132427469,0
fav_id00434_00046,0,real,RealVideo-RealAudio,1.1701187241364153e-10,0
fav_id07463_00028_id03599_y27BDmRUqMQ,1,fsgan,FakeVideo-RealAudio,1.1277630218575752e-10,0
fav_id00594_00005_id01157_yDgqfOWVKko_id01098_wavtolip,1,fsgan-wav2lip,FakeVideo-FakeAudio,0.004626032430678606,0
fav_id00184_00241_id03757_L-M-XbdFLQM_id00264_wavtolip,1,fsgan-wav2lip,FakeVideo-FakeAudio,0.03620177507400513,0
fav_id04705_00408,0,real,RealVideo-RealAudio,2.970199086682612e-11,0
fav_id00371_00099,0,real,RealVideo-RealAudio,8.315120147983635e-09,0
fav_id00055_00120,0,real,RealVideo-RealAudio,0.00018666574032977223,0
fav_id08457_00417_id07108_qwfQPcvjGRY_id00769_wavtolip,1,fsgan-wav2lip,FakeVideo-FakeAudio,0.029827792197465897,0
fav_id00582_00006,0,real,RealVideo-RealAudio,7.505517735095779e-11,0
fav_id08397_00167,0,real,RealVideo-RealAudio,0.019376693293452263,0
fav_id06427_00138,0,real,RealVideo-RealAudio,6.085527274990454e-06,0
fav_id03781_00113,0,real,RealVideo-RealAudio,6.51329962186864e-11,0
fav_id00264_00257,0,real,RealVideo-RealAudio,4.764604683016316e-11,0
fav_id01172_00015,0,real,RealVideo-RealAudio,1.8089867381831937e-09,0
fav_id09143_00056,0,real,RealVideo-RealAudio,0.00012870952195953578,0
fav_id01207_00320,0,real,RealVideo-RealAudio,3.784694085906537e-11,0
fav_id00032_00028_id00860_wavtolip,1,wav2lip,FakeVideo-RealAudio,5.783350243149243e-09,0
fav_id01225_00300,0,real,RealVideo-RealAudio,0.00010680931154638529,0
fav_id00032_00028,0,real,RealVideo-RealAudio,1.0398876898465303e-10,0
fav_id05268_00010,0,real,RealVideo-RealAudio,5.553583105211146e-05,0
fav_id07768_00143,0,real,RealVideo-RealAudio,6.68623698074633e-11,0
fav_id06439_00118,0,real,RealVideo-RealAudio,0.0022842546459287405,0
fav_id04583_00077,0,real,RealVideo-RealAudio,1.3589804281899376e-10,0
fav_id05844_00072,0,real,RealVideo-RealAudio,8.853855149038026e-11,0
fav_id03757_00149_id00345_wavtolip,1,wav2lip,FakeVideo-FakeAudio,7.227036330492709e-11,0
fav_id01661_00059_id04939_i4v2cXo9HIQ_id02071_wavtolip,1,fsgan-wav2lip,FakeVideo-FakeAudio,5.6540733900378726e-11,0
fav_id00068_00004_id00591_wavtolip,1,wav2lip,FakeVideo-RealAudio,2.4498851836085578e-09,0
fav_id07102_00052_id09053_6baCAGutGFg_id05383_wavtolip,1,fsgan-wav2lip,FakeVideo-FakeAudio,0.0011210573138669133,0
fav_id06269_00005,0,real,RealVideo-RealAudio,4.565369610132208e-11,0
fav_id02464_00002,0,real,RealVideo-RealAudio,4.532774156018604e-10,0
fav_id06878_00001,0,real,RealVideo-RealAudio,8.09886291364137e-09,0
fav_id00253_00021,0,real,RealVideo-RealAudio,3.346070295839887e-11,0
fav_id03757_00149,0,real,RealVideo-RealAudio,0.014268278144299984,0
fav_id04144_00028,0,real,RealVideo-RealAudio,3.764234063341476e-11,0
fav_id03668_00143,0,real,RealVideo-RealAudio,1.3365678563914685e-09,0
fav_id00052_00015,0,real,RealVideo-RealAudio,2.8611944410950052e-11,0
fav_id00180_00206,0,real,RealVideo-RealAudio,2.9914981602985335e-10,0
fav_id00944_00135_id00518_wavtolip,1,wav2lip,FakeVideo-RealAudio,5.25833866049652e-06,0
fav_id01207_00320_id01179_RnqLJMrWELw_id01779_wavtolip,1,fsgan-wav2lip,FakeVideo-FakeAudio,0.004125178791582584,0
fav_id01044_00336_id01172_8f8sdrQatpw_id00529_wavtolip,1,fsgan-wav2lip,FakeVideo-FakeAudio,3.3388827258562515e-09,0
fav_id00475_00099_id01521_wavtolip,1,wav2lip,FakeVideo-FakeAudio,0.09482966363430023,0
fav_id03889_00052_id05743_wavtolip,1,wav2lip,FakeVideo-RealAudio,0.011676236055791378,0
fav_id02617_00028,0,real,RealVideo-RealAudio,3.1302217762263496e-11,0
fav_id00371_00099_id00220_wavtolip,1,wav2lip,FakeVideo-FakeAudio,1.6711703665350797e-07,0
fav_id02561_02561_1_id03028_wavtolip,1,faceswap-wav2lip,FakeVideo-FakeAudio,0.007547837216407061,0
fav_id00739_00005_id04564_xUz03LwKRtQ_id00235_wavtolip,1,fsgan-wav2lip,FakeVideo-FakeAudio,5.2464827604126185e-05,0
fav_id02493_00073_id00740_wavtolip,1,wav2lip,FakeVideo-FakeAudio,0.0755959078669548,0
fav_id05631_00073_id09174_wavtolip,1,wav2lip,FakeVideo-FakeAudio,0.00015332565817516297,0
fav_id00813_00169,0,real,RealVideo-RealAudio,2.495703088634116e-10,0
fav_id01610_00090_id00518_qm7oQcDg4oI_id01076_wavtolip,1,fsgan-wav2lip,FakeVideo-FakeAudio,0.0031511709094047546,0
fav_id01058_00005_id00415_wavtolip,1,wav2lip,FakeVideo-RealAudio,1.762519713510713e-10,0
fav_id00328_00092_id00633_wavtolip,1,wav2lip,FakeVideo-FakeAudio,0.005087602883577347,0
fav_id01227_00052,0,real,RealVideo-RealAudio,4.7122719060155305e-09,0
fav_id07210_00005_id04561_wavtolip,1,wav2lip,FakeVideo-RealAudio,2.1911519709760796e-08,0
fav_id06232_00025_id00488_wavtolip,1,wav2lip,FakeVideo-RealAudio,3.192946254615414e-11,0
fav_id03965_00051,0,real,RealVideo-RealAudio,2.857247494159054e-10,0
fav_id08139_00067,0,real,RealVideo-RealAudio,3.2761484497489946e-11,0
fav_id00266_00470_id00171_PWU6n0qrv4c,1,fsgan,FakeVideo-RealAudio,0.00432130740955472,0
fav_id01248_00005,0,real,RealVideo-RealAudio,5.132075320268825e-10,0
fav_id07102_00052_id09053_6baCAGutGFg_faceswap_id06470_wavtolip,1,faceswap-wav2lip,FakeVideo-FakeAudio,0.0011258282465860248,0
fav_id00383_00171_id01004_867Wlj7Gw68,1,fsgan,FakeVideo-RealAudio,0.023898400366306305,0
fav_id00173_00118,0,real,RealVideo-RealAudio,1.2243293878722028e-10,0
fav_id00428_00017,0,real,RealVideo-RealAudio,1.2321092757172636e-10,0
fav_id04560_00195,0,real,RealVideo-RealAudio,4.4038189761508306e-10,0
fav_id02721_00424_id03658_8Wtu9VXKqjY_faceswap_id02824_wavtolip,1,faceswap-wav2lip,FakeVideo-FakeAudio,0.00012193495786050335,0
fav_id04705_00408_id05252_wavtolip,1,wav2lip,FakeVideo-RealAudio,8.669553963613907e-10,0
fav_id00292_00072,0,real,RealVideo-RealAudio,6.138441221992252e-06,0
fav_id00475_00099,0,real,RealVideo-RealAudio,1.0892934369621798e-05,0
fav_id01105_00083_id01192_kAht8HG7-1s_faceswap_id01211_wavtolip,1,faceswap-wav2lip,FakeVideo-FakeAudio,6.881773515488021e-07,0
fav_id00365_00078_id00232_kL0cCveU1zg,1,fsgan,FakeVideo-RealAudio,0.006264910567551851,0
fav_id02838_00080,0,real,RealVideo-RealAudio,2.8859676801107348e-11,0
fav_id04222_00078_id04774_k3yOcTA95dg,1,fsgan,FakeVideo-RealAudio,4.7026807692418515e-07,0
fav_id00848_00028,0,real,RealVideo-RealAudio,7.019569647770396e-11,0
fav_id00171_00092_id00709_Rh23ELMGsIQ_id00709_wavtolip,1,fsgan-wav2lip,FakeVideo-FakeAudio,1.3014014865753154e-10,0
fav_id07051_00083_id06428_A9nvRKd1afA_faceswap_id05434_wavtolip,1,faceswap-wav2lip,FakeVideo-FakeAudio,0.0030392450280487537,0
fav_id01192_00217,0,real,RealVideo-RealAudio,1.3414555577462295e-10,0
fav_id00381_00030_id00385_oqf8cNi7lOI_id01225_wavtolip,1,fsgan-wav2lip,FakeVideo-FakeAudio,0.001508419867604971,0
fav_id01216_00025_id01223_TO3ym8Gwp7k_id01227_wavtolip,1,fsgan-wav2lip,FakeVideo-FakeAudio,0.009904028847813606,0
fav_id08139_00067_id07901_wavtolip,1,wav2lip,FakeVideo-RealAudio,0.000526571471709758,0
fav_id01452_00001_id01528_SBAS9Kcb8QY_faceswap,1,faceswap,FakeVideo-RealAudio,5.405864794738591e-05,0
fav_id01838_00126,0,real,RealVideo-RealAudio,0.0008720932528376579,0
fav_id03211_00032,0,real,RealVideo-RealAudio,8.790539962610922e-10,0
fav_id06535_00183,0,real,RealVideo-RealAudio,0.0010303122689947486,0
fav_id00935_00005,0,real,RealVideo-RealAudio,3.975971996084127e-09,0
fav_id06388_00005,0,real,RealVideo-RealAudio,3.226045819371137e-11,0
fav_id02619_00015_id04490_wavtolip,1,wav2lip,FakeVideo-RealAudio,8.32395744509995e-05,0
fav_id00261_00048_id01225_wavtolip,1,wav2lip,FakeVideo-RealAudio,3.386177195352502e-05,0
fav_id06065_00160,0,real,RealVideo-RealAudio,5.773413344623002e-11,0
fav_id00575_00092,0,real,RealVideo-RealAudio,5.098451522078662e-11,0
fav_id08299_00110_0_id04687_wavtolip,1,faceswap-wav2lip,FakeVideo-FakeAudio,0.00019445663201622665,0
fav_id01179_00160_id00076_wavtolip,1,wav2lip,FakeVideo-RealAudio,2.1821959705903282e-07,0
fav_id00076_00109,0,real,RealVideo-RealAudio,6.981609040890291e-11,0
fav_id03858_00092_id00379_wavtolip,1,wav2lip,FakeVideo-RealAudio,6.553153020227853e-10,0
fav_id00225_00078_id00519_riI0J9g9OG4_id00265_wavtolip,1,fsgan-wav2lip,FakeVideo-FakeAudio,2.2047508991818177e-06,0
fav_id01052_00076_id01102_aGFUkdgmo3A_id00292_wavtolip,1,fsgan-wav2lip,FakeVideo-FakeAudio,0.0006340484251268208,0
fav_id05332_00065,0,real,RealVideo-RealAudio,1.0382596116187415e-08,0
fav_id04582_00180,0,real,RealVideo-RealAudio,2.2903092755655052e-09,0
fav_id01211_00023_id00179_wavtolip,1,wav2lip,FakeVideo-FakeAudio,0.007988554425537586,0
fav_id02561_02561,0,real,RealVideo-RealAudio,1.2743983646146262e-10,0
fav_id02332_00055_2_id02332_wavtolip,1,faceswap-wav2lip,FakeVideo-FakeAudio,0.025162851437926292,0
fav_id08819_00052,0,real,RealVideo-RealAudio,4.233891848226534e-10,0
fav_id00747_00053,0,real,RealVideo-RealAudio,4.134699527202912e-11,0
fav_id07689_00028,0,real,RealVideo-RealAudio,1.0466099098493942e-09,0
fav_id01182_00167,0,real,RealVideo-RealAudio,3.429596162618509e-08,0
fav_id00183_00015_id00055_XzCF6sJ8Axc,1,fsgan,FakeVideo-RealAudio,1.4103164858170203e-06,0
fav_id07338_00003_id04687_wavtolip,1,faceswap-wav2lip,FakeVideo-FakeAudio,0.0001478305784985423,0
fav_id00945_00107,0,real,RealVideo-RealAudio,0.0027897271793335676,0
fav_id02508_00083,0,real,RealVideo-RealAudio,8.874533052871669e-11,0
fav_id01544_00044,0,real,RealVideo-RealAudio,0.04569851979613304,0
fav_id07182_00040_id04562_qio_Gs7wjvY,1,fsgan,FakeVideo-RealAudio,3.6816955734098045e-11,0
fav_id05251_00033_id02824_wavtolip,1,wav2lip,FakeVideo-FakeAudio,2.791448707739619e-07,0
fav_id08299_00110_2_id00126_wavtolip,1,faceswap-wav2lip,FakeVideo-FakeAudio,0.016729041934013367,0
fav_id00823_00125,0,real,RealVideo-RealAudio,3.4387812042346866e-11,0
fav_id00080_00281,0,real,RealVideo-RealAudio,4.181555102178436e-11,0
fav_id05931_00013,0,real,RealVideo-RealAudio,6.359031345937183e-08,0
fav_id00325_00015_id00569_wavtolip,1,wav2lip,FakeVideo-FakeAudio,0.0066153802908957005,0
fav_id00190_00072_id00428_Kr7n-68JWww_id00555_wavtolip,1,fsgan-wav2lip,FakeVideo-FakeAudio,2.9146328017759515e-08,0
fav_id00103_00241_id00103_wavtolip,1,wav2lip,FakeVideo-FakeAudio,0.02105511911213398,0
fav_id01105_00083_id01192_kAht8HG7-1s_faceswap_id00708_wavtolip,1,faceswap-wav2lip,FakeVideo-FakeAudio,0.009442001581192017,0
fav_id00430_00209,0,real,RealVideo-RealAudio,8.675120625412092e-06,0
fav_id03985_00005_id07051_wavtolip,1,wav2lip,FakeVideo-FakeAudio,4.177446953690378e-06,0
fav_id04564_00417,0,real,RealVideo-RealAudio,1.3500414675071681e-10,0
fav_id00270_00088,0,real,RealVideo-RealAudio,1.4765189071397344e-10,0
fav_id04691_1,0,real,RealVideo-RealAudio,9.692580533737782e-07,0
fav_id06268_00159_id04564_wavtolip,1,wav2lip,FakeVideo-RealAudio,9.266257205986506e-11,0
fav_id00990_00160_id00946_QAiHZhQZksQ_faceswap_id00535_wavtolip,1,faceswap-wav2lip,FakeVideo-FakeAudio,4.876812495502314e-11,0
fav_id06152_06152,0,real,RealVideo-RealAudio,3.0888538254947306e-11,0
fav_id00145_00043,0,real,RealVideo-RealAudio,1.263044850929873e-05,0
fav_id02301_00092,0,real,RealVideo-RealAudio,0.13398250937461853,0
fav_id01171_00053,0,real,RealVideo-RealAudio,4.002252307344634e-09,0
fav_id03649_00001,0,real,RealVideo-RealAudio,3.207381929493103e-11,0
fav_id05743_00015,0,real,RealVideo-RealAudio,0.0010509268613532186,0
fav_id03559_00023,0,real,RealVideo-RealAudio,8.745124624454093e-09,0
fav_id06445_00150,0,real,RealVideo-RealAudio,3.381928070922413e-09,0
fav_id04884_00028_fake,1,rtvc,RealVideo-FakeAudio,0.036328431218862534,0
fav_id01216_00025,0,real,RealVideo-RealAudio,1.2389469006279796e-08,0
fav_id06232_00025_id03559_pgetxl1qbzM_faceswap_id00739_wavtolip,1,faceswap-wav2lip,FakeVideo-FakeAudio,2.956685452026875e-10,0
fav_id02619_00015_id00043_wavtolip,1,wav2lip,FakeVideo-RealAudio,5.709693273736605e-10,0
fav_id00752_00340_id00398_wavtolip,1,wav2lip,FakeVideo-FakeAudio,7.242688671027508e-10,0
fav_id01683_00052_2_id02332_wavtolip,1,faceswap-wav2lip,FakeVideo-FakeAudio,0.031962744891643524,0
fav_id00100_00028_id00097_PchMB8-P1lw,1,fsgan,FakeVideo-RealAudio,1.9177405192749575e-06,0
fav_id00220_00027,0,real,RealVideo-RealAudio,2.1024747220987905e-10,0
fav_id02071_00195,0,real,RealVideo-RealAudio,6.518830614199445e-11,0
fav_id01933_00028_id04727_AAnyugIAXao_id01179_wavtolip,1,fsgan-wav2lip,FakeVideo-FakeAudio,0.002570721320807934,0
fav_id03844_00028_id03620_wavtolip,1,wav2lip,FakeVideo-FakeAudio,0.000506531388964504,0
fav_id01281_00040,0,real,RealVideo-RealAudio,0.0018552913097664714,0
fav_id03716_00040,0,real,RealVideo-RealAudio,4.828774533005564e-11,0
fav_id01182_00167_id01168_Uz7M0nTbgWM,1,fsgan,FakeVideo-RealAudio,1.0119325111190847e-07,0
fav_id04601_00118_id00685_wavtolip,1,wav2lip,FakeVideo-FakeAudio,2.638774754259998e-10,0
fav_id02071_00195_id02617_4EZjRXC4fLk,1,fsgan,FakeVideo-RealAudio,5.7209841031191644e-11,0
fav_id00707_00052_id00568_wavtolip,1,wav2lip,FakeVideo-FakeAudio,0.0005709604592993855,0
fav_id00518_00031,0,real,RealVideo-RealAudio,0.00016581096861045808,0
fav_id06591_00021,0,real,RealVideo-RealAudio,0.03156144544482231,0
fav_id07165_00368,0,real,RealVideo-RealAudio,5.0646254551312e-11,0
fav_id01637_00002,0,real,RealVideo-RealAudio,3.616322866162314e-11,0
fav_id03897_00021,0,real,RealVideo-RealAudio,0.011468563228845596,0
fav_id01052_00076_id00266_wavtolip,1,wav2lip,FakeVideo-FakeAudio,0.00025488194660283625,0
fav_id01099_00206,0,real,RealVideo-RealAudio,0.07288037240505219,0
fav_id00049_00118_id00018_sap-FjURHlc_id00345_wavtolip,1,fsgan-wav2lip,FakeVideo-FakeAudio,8.015698521601777e-11,0
fav_id00555_00005,0,real,RealVideo-RealAudio,4.959304633622708e-10,0
fav_id01005_00028,0,real,RealVideo-RealAudio,3.6194654740029364e-07,0
fav_id04701_00017,0,real,RealVideo-RealAudio,6.225319565400511e-11,0
fav_id00261_00048,0,real,RealVideo-RealAudio,3.6739722375500605e-11,0
fav_id03656_00052_3_id04705_wavtolip,1,faceswap-wav2lip,FakeVideo-FakeAudio,7.183334482796511e-11,0
fav_id09116_00026_id09181_ypUYBHscgD8,1,fsgan,FakeVideo-RealAudio,6.9828947069083824e-09,0
fav_id01091_00236_id00231_Pi8vVHrPQMU_id00100_wavtolip,1,fsgan-wav2lip,FakeVideo-FakeAudio,0.0002306056412635371,0
fav_id00021_00010_id00088_6WIDWxr8vuU_faceswap_id00775_wavtolip,1,faceswap-wav2lip,FakeVideo-FakeAudio,6.070872249352988e-09,0
fav_id01035_00012_id00243_wavtolip,1,wav2lip,FakeVideo-FakeAudio,2.9954749152238946e-06,0
fav_id01201_00028_id03757_L-M-XbdFLQM,1,fsgan,FakeVideo-RealAudio,6.418352654913306e-11,0
fav_id03816_00093,0,real,RealVideo-RealAudio,1.2541270244526004e-09,0
fav_id01036_00010,0,real,RealVideo-RealAudio,1.8140253743581525e-08,0
fav_id05252_00052,0,real,RealVideo-RealAudio,4.743389014905119e-10,0
fav_id01598_00044_id00391_TjJgUZaenWI_id02342_wavtolip,1,fsgan-wav2lip,FakeVideo-FakeAudio,4.104671713633934e-09,0
fav_id02808_00056,0,real,RealVideo-RealAudio,2.391441888960344e-08,0
fav_id00579_00030,0,real,RealVideo-RealAudio,1.7995678280868788e-09,0
fav_id06591_00021_id00056_wavtolip,1,wav2lip,FakeVideo-FakeAudio,3.486969740729151e-11,0
fav_id00391_00052_id00476_UgdYVJ6xPYg_faceswap_id02342_wavtolip,1,faceswap-wav2lip,FakeVideo-FakeAudio,8.01456678800605e-11,0
fav_id00777_00160,0,real,RealVideo-RealAudio,0.001779782003723085,0
fav_id01178_00028,0,real,RealVideo-RealAudio,2.845086492786475e-11,0
fav_id00345_00243_id00179_Ux9OYyipQi8_faceswap_id01175_wavtolip,1,faceswap-wav2lip,FakeVideo-FakeAudio,1.2211266664508003e-07,0
fav_id04554_00118_id07163_wavtolip,1,wav2lip,FakeVideo-FakeAudio,0.015142101794481277,0
fav_id00520_00187_1,1,faceswap,FakeVideo-RealAudio,1.9311767118779244e-06,0
fav_id00020_00206_id00049_S_EHTUF-mQY_id00062_wavtolip,1,fsgan-wav2lip,FakeVideo-FakeAudio,2.372780159021204e-07,0
fav_id00491_00122,0,real,RealVideo-RealAudio,2.8497461335152963e-11,0
fav_id01156_00078,0,real,RealVideo-RealAudio,5.31486512045376e-06,0
fav_id07377_00025,0,real,RealVideo-RealAudio,7.885408298546892e-11,0
fav_id06061_00002,0,real,RealVideo-RealAudio,2.692385481228854e-10,0
fav_id01075_00160,0,real,RealVideo-RealAudio,4.516758078665362e-09,0
fav_id00478_00206,0,real,RealVideo-RealAudio,3.7065643887501665e-09,0
fav_id00100_00028_2_id00418_wavtolip,1,faceswap-wav2lip,FakeVideo-FakeAudio,2.308946367435283e-09,0
fav_id00740_00015,0,real,RealVideo-RealAudio,1.938840568982414e-06,0
fav_id03815_00118_id03985_wavtolip,1,wav2lip,FakeVideo-FakeAudio,0.007092558778822422,0
fav_id00577_00010_id04939_i4v2cXo9HIQ_id04547_wavtolip,1,fsgan-wav2lip,FakeVideo-FakeAudio,8.92735170054948e-06,0
fav_id02040_00476_id02296_wavtolip,1,wav2lip,FakeVideo-RealAudio,2.053878844776591e-08,0
fav_id00518_00031_1,1,faceswap,FakeVideo-RealAudio,6.2684830481885e-06,0
fav_id00126_00173,0,real,RealVideo-RealAudio,0.00044463013182394207,0
fav_id01098_00044_id01102_aGFUkdgmo3A_faceswap_id01102_wavtolip,1,faceswap-wav2lip,FakeVideo-FakeAudio,1.5366923662440968e-06,0
fav_id01231_00015_id00272_VLY1boTtbRM_faceswap_id01075_wavtolip,1,faceswap-wav2lip,FakeVideo-FakeAudio,0.01419921312481165,0
fav_id06753_00021,0,real,RealVideo-RealAudio,1.5611285597572078e-09,0
fav_id05106_00078_id04705_wavtolip,1,wav2lip,FakeVideo-RealAudio,3.260588674058873e-11,0
fav_id01018_00072,0,real,RealVideo-RealAudio,7.694108544731293e-11,0
fav_id05231_00149,0,real,RealVideo-RealAudio,8.671964535356125e-11,0
fav_id06467_00010_id00597_wavtolip,1,wav2lip,FakeVideo-FakeAudio,0.004297179635614157,0
fav_id00190_00072_id00381_79zqA0CZh8s,1,fsgan,FakeVideo-RealAudio,0.1238003671169281,0
fav_id00087_00002_id00943_LxSv2rnBGA8,1,fsgan,FakeVideo-RealAudio,0.0005105012096464634,0
fav_id03589_00002_id00395_wM5kGJfTtEM_id00271_wavtolip,1,fsgan-wav2lip,FakeVideo-FakeAudio,5.627057362289634e-06,0
fav_id04219_00130_id03525_wavtolip,1,wav2lip,FakeVideo-FakeAudio,0.046309083700180054,0
fav_id00184_00241_id01048_keflA4viWt8,1,fsgan,FakeVideo-RealAudio,3.928404546105213e-10,0
fav_id00591_00001,0,real,RealVideo-RealAudio,4.320438335980725e-07,0
fav_id04221_00053,0,real,RealVideo-RealAudio,1.1695754587037754e-08,0
fav_id00823_00125_id03858_wavtolip,1,wav2lip,FakeVideo-RealAudio,0.004969615023583174,0
fav_id05844_00072_id00137_wavtolip,1,wav2lip,FakeVideo-RealAudio,5.201747366179177e-11,0
fav_id04601_00118,0,real,RealVideo-RealAudio,5.06139149365481e-05,0
fav_id00496_00015,0,real,RealVideo-RealAudio,2.361345468671061e-05,0
fav_id00946_00126,0,real,RealVideo-RealAudio,2.544217891919942e-10,0
fav_id02586_00042,0,real,RealVideo-RealAudio,7.301796056680132e-09,0
fav_id07686_00254,0,real,RealVideo-RealAudio,9.093668040804914e-08,0
fav_id03707_00055_id00835_zWTp4szbb5k_id01216_wavtolip,1,fsgan-wav2lip,FakeVideo-FakeAudio,2.0822781277018976e-09,0
fav_id00042_00028_id00271_wavtolip,1,wav2lip,FakeVideo-RealAudio,4.530424575932557e-06,0
fav_id03620_00081_id03844_wavtolip,1,wav2lip,FakeVideo-RealAudio,2.8588270639673397e-11,0
fav_id04073_00021_id01172_8f8sdrQatpw_id00087_wavtolip,1,fsgan-wav2lip,FakeVideo-FakeAudio,0.002283326582983136,0
fav_id00945_00107_id01192_wavtolip,1,wav2lip,FakeVideo-FakeAudio,7.492610087922458e-09,0
fav_id08613_00074,0,real,RealVideo-RealAudio,5.1253745692037e-10,0
fav_id05920_00161_id07689_2ie0g83JkgA_id00747_wavtolip,1,fsgan-wav2lip,FakeVideo-FakeAudio,3.6586630614010573e-08,0
fav_id04540_00078,0,real,RealVideo-RealAudio,2.3004127769343796e-10,0
fav_id01018_00072_id03620_YkXM5A8w07E,1,fsgan,FakeVideo-RealAudio,4.816988052880333e-08,0
fav_id02494_00050,0,real,RealVideo-RealAudio,1.114714631711422e-08,0
fav_id05620_00005,0,real,RealVideo-RealAudio,1.1134518862476739e-09,0
fav_id01126_00040,0,real,RealVideo-RealAudio,7.902682397364913e-10,0
fav_id00385_00439,0,real,RealVideo-RealAudio,9.800011913085882e-10,0
fav_id00243_00037,0,real,RealVideo-RealAudio,1.0667609018355506e-07,0
fav_id03168_03168,0,real,RealVideo-RealAudio,0.003422824200242758,0
fav_id00291_00052_id00841_wavtolip,1,wav2lip,FakeVideo-FakeAudio,4.574778813548619e-06,0
fav_id00188_00020_id00232_wavtolip,1,wav2lip,FakeVideo-FakeAudio,1.1462237381465457e-07,0
fav_id01102_00197_id00055_wavtolip,1,wav2lip,FakeVideo-RealAudio,1.3732739716942888e-05,0
fav_id07236_00143_id00080_wavtolip,1,wav2lip,FakeVideo-RealAudio,6.777735317431421e-11,0
fav_id00262_00028_fake,1,rtvc,RealVideo-FakeAudio,2.238927931941248e-09,0
fav_id02089_00092_id04529_wavtolip,1,wav2lip,FakeVideo-FakeAudio,2.2173998104335624e-07,0
fav_id01044_00336_id00264_wavtolip,1,wav2lip,FakeVideo-FakeAudio,0.04456870257854462,0
fav_id01920_00099,0,real,RealVideo-RealAudio,0.0029774082358926535,0
fav_id04374_00032_id02838_kaCQlSGlLe8,1,fsgan,FakeVideo-RealAudio,3.3588527792449696e-11,0
fav_id04530_00231,0,real,RealVideo-RealAudio,1.6942639149419847e-06,0
fav_id00535_00005_id00055_XzCF6sJ8Axc_id00187_wavtolip,1,fsgan-wav2lip,FakeVideo-FakeAudio,0.003713746787980199,0
fav_id06470_00052_id04111_Fg4CZ7ZzAGU_id03965_wavtolip,1,fsgan-wav2lip,FakeVideo-FakeAudio,3.5818379728880245e-06,0
fav_id00049_00118,0,real,RealVideo-RealAudio,3.91513974018487e-11,0
fav_id03605_00048,0,real,RealVideo-RealAudio,2.966866530229595e-09,0
